51.490719,0.120343
51.575363,-3.23089
51.64262,-3.329549
51.715019,-3.44313
57.143127,-2.097464
56.054646,-3.300575
52.543934,-4.057118
52.898567,-4.37423
51.81665,-3.009679
53.294758,-3.581343
52.414017,-4.081946
53.753193,-2.370016
57.609921,-4.914243
57.579205,-5.072421
57.482697,-5.333001
55.307129,-1.651816
52.634647,1.543981
52.449291,-1.81898
53.265961,-2.602689
51.508717,-0.263601
51.516865,-0.26762
52.483505,-1.854184
55.843449,-3.60655
51.372414,-0.48571
51.241352,1.199277
53.319542,-2.133571
53.612926,-2.603084
53.572994,-1.181465
53.364614,-2.927041
53.601818,-3.042691
53.473995,-2.956687
55.782504,-3.994447
55.864029,-3.982952
51.435745,0.126427
52.637917,-2.268913
53.303762,-2.236812
51.402047,-1.136972
51.246151,-0.760657
50.836601,-0.182151
51.598225,-0.120129
55.863724,-4.211465
55.98513,-4.577534
53.100414,-1.369689
54.524128,-1.363418
56.1179,-3.7872
57.694477,-4.249743
55.392456,-1.636858
51.853828,0.997114
53.093054,-2.29861
51.647526,0.753603
53.585262,-0.732558
58.388439,-3.705279
51.151947,-0.967658
53.3874,-2.347212
52.346607,-1.967854
53.060501,-1.4807
50.896507,-0.542446
51.67439,-0.60613
51.795933,-3.996783
52.987888,-0.535596
55.859924,-4.271969
51.212048,-1.493167
51.41163,-0.064348
50.816704,-0.489559
54.98386,-3.262603
55.889553,-4.321684
53.741558,-2.993077
53.84138,-1.703065
54.58032,-2.486692
51.032623,0.816826
51.639562,-1.242375
53.579029,-2.718906
51.732712,-0.463568
56.559628,-2.588928
57.881119,-4.362604
56.302025,-4.721712
55.640854,-4.823461
55.640495,-4.799593
55.639313,-4.812212
53.47134,-2.213893
56.912617,-5.839141
52.025938,-0.266178
55.88639,-3.68504
54.809611,-2.77209
54.202114,-2.827783
53.884567,-0.426833
56.204021,-4.722822
50.848003,-0.546796
51.406185,-0.675827
51.867376,-1.564136
51.249222,-0.711856
51.272709,-0.721247
53.471761,-2.194991
51.997158,-2.10921
55.889214,-4.2433
51.14335294,0.875167251
51.436047,-0.469229
55.182,-1.573
53.355984,-2.341029
51.4788,-2.5767
51.317822,-0.308126
53.491264,-2.093415
51.128601,0.152298
50.888865,-1.525097
52.030586,-0.10934
54.189049,-3.204545
52.951351,-0.898541
54.759338,-3.331752
52.020725,-0.631519
52.505104,-1.871788
52.578949,-1.552808
53.528817,-2.478683
57.394871,-5.456549
52.906322,-1.231262
52.514214,1.022719
55.47031,-4.295389
52.004398,0.20719
53.55447,-2.895095
57.18914,-3.828348
51.339596,-2.281342
51.500194,-2.699332
50.778976,-3.005613
51.813868,-0.815048
51.8327,-0.8623
51.301384,0.465964
51.227185,1.209682
55.458248,-4.626878
53.209312,-2.892386
51.364964,-0.688501
53.849682,-1.753717
55.844761,-4.11454
51.05624,-0.137881
51.993156,-0.188106
51.443169,-0.152403
56.002983,-4.583539
56.475548,-2.83764
53.726772,-2.660793
53.338985,-1.689078
56.84338,-5.095477
52.060925,-1.327541
53.222902,-4.135505
53.437357,-2.987509
51.329922,-0.214384
55.5611,-4.651181
54.974636,-2.349922
54.074473,-2.835331
55.851776,-4.071789
51.692268,-3.229717
51.539982,0.080804
51.519108,0.114764
52.942856,-2.168118
51.284904,0.479428
52.72287,-4.056641
51.464798,0.160885
51.467014,-0.240711
51.471676,-0.252051
53.574219,-0.409679
50.831135,-0.639627
55.877895,-4.223463
53.553978,-1.477688
51.073532,-4.064032
52.361328,-1.994098
55.804535,-4.396411
55.097031,-4.781834
53.697128,-0.391427
52.750244,-1.14956
54.118879,-3.22614
51.396729,-3.285023
51.402393,-3.260749
51.392361,-3.273405
56.493206,-2.745444
53.688824,-0.443233
51.568672,0.457309
51.26804,-1.086896
51.289703,0.194258
51.378059,-2.356302
55.898678,-3.644019
53.709129,-1.622734
54.457687,-1.092945
51.477272,-0.148151
50.91312,0.495169
51.624805,0.565826
51.758808,-0.096074
51.611141,-0.643644
52.244252,-1.750259
55.917202,-4.332945
51.275589,0.57786
56.899624,-5.763864
51.7574,0.5187
50.854206,-1.505586
57.478,-4.4698
53.357651,-3.003659
52.458481,1.569547
51.424767,-0.016497
51.411446,-0.027144
52.136175,-0.47945
52.129299,-0.467348
50.853638,-0.996989
55.140419,-1.56863
51.440037,-2.594184
52.479133,-1.46749
51.379715,-1.599077
52.920551,-1.207211
51.261051,1.136125
53.462181,-2.180809
55.857182,-4.22547
51.433826,-0.020421
55.816605,-4.025222
51.344086,-0.199471
53.024555,-1.482622
51.204651,0.403518
51.491936,0.152088
54.128296,-0.180389
53.926167,-1.797429
51.543964,0.561273
54.115791,-2.510918
51.180695,-0.868287
53.542865,-1.148788
50.485535,-4.200418
50.450798,-4.181901
51.763638,-0.562498
52.395851,-1.642845
52.5029,-1.4726
52.589745,1.63043
53.622368,-1.797371
51.39838,-0.282157
50.840569,0.164587
55.774872,-2.01112
53.623531,-2.914703
52.562702,-1.991116
51.247993,-0.26771
51.524406,-0.059747
53.092056,-3.80091
53.842281,-0.423855
50.840679,0.475678
51.440742,0.148248
51.463493,0.133471
51.903401,-1.150517
51.893429,-1.148393
51.40033,0.044272
53.40913,-3.078589
52.085068,-0.260294
52.623695,-2.186101
51.628834,0.418656
54.606327,-1.278525
51.014938,-0.450348
52.954536,-0.952044
53.84803,-1.837327
51.521687,-3.203502
51.377956,1.300781
53.41193,-2.52802
51.403847,-0.056218
53.633514,-3.014742
53.38873263061715,-3.0208499006379737
53.39469,-3.01365
53.404819,-3.057425
53.397417,-3.03927
52.450673,-1.725149
52.479053,-1.892483
52.478153,-1.898375
52.483555,-1.899833
54.657482,-1.677545
55.903927,-4.224958
51.866692,0.16557
50.78,0.0824
55.902206,-4.501637
50.918343,-1.378279
53.746513,-2.479135
51.465706,0.008317
51.586143,-0.04123
53.822772,-3.049908
53.788154,-3.053856
53.798611,-3.049081
55.88368,-3.75047
53.591522,-2.56954
51.33176,-0.777023
52.996284,-3.944449
56.765614,-3.85025
55.866653,-4.04221
52.605054,-1.844888
52.406147,-2.176365
55.7976,-4.086466
54.965813,-1.712578
53.041649,-0.942469
51.995339,-0.736368
52.61853,-2.011783
52.625637,-2.019173
53.487675,-3.039889
52.968124,-2.066966
50.445822,-4.663026
53.204292,-4.418067
50.786594,-0.676384
55.937267,-4.713676
53.573983,-2.425661
53.518986,-1.312217
51.514,-0.15
51.288334,-0.385224
54.290249,-3.394818
53.453357,-2.994676
53.446559,-2.995791
52.471844,-1.877771
51.29295,0.306296
52.491001,-4.050236
50.843262,-0.846655
52.978802,-0.030949
50.916748,-1.258809
52.944962,-0.796012
51.576538,-0.711287
50.727478,-1.863955
52.426937,-1.926434
52.003475,-0.696154
52.439914,-4.03036
51.607216,-0.119761
55.931129,-4.493879
51.253376,-0.329128
51.413319,-0.751833
53.79575,-1.752505
53.791196,-1.749701
51.345058,-2.252669
50.678509,-1.13801
51.874989,0.558261
51.869316,0.568258
53.359959,-2.162249
51.32988,-1.061265
53.803532,-1.630985
54.932655,-2.703814
52.395397,1.543871
55.940647,-4.803598
52.454479,0.624116
50.727528,-1.919211
54.43956,-3.543406
53.422939,-2.109823
55.827351,-3.668147
51.5687,-0.2269
51.487804,-0.309048
51.61322,0.30083
51.705223,-0.358846
56.157429,-3.956166
56.515926,-4.763048
51.506481,-3.576296
55.849968,-4.226668
51.128025,-2.99031
54.084545,-0.200659
53.824535,-2.236959
53.549137,-0.486094
53.698734,-1.781855
50.829659,-0.141234
51.655224,-0.031022
53.431881,-2.134097
51.514061,-2.53461
51.449093,-2.581349
51.710266,-3.228765
53.40654,-2.893267
53.440968,-2.01653
51.360653,1.43317
50.816708,-1.574112
53.597149,-1.770299
51.464684,-0.037797
53.322146,-2.987058
53.329899,-2.989644
53.613743,-2.409614
51.408894,0.017325
51.399887,0.018374
52.322662,-2.048379
51.545574,-0.203063
51.540896,-0.209955
51.720955,-0.204811
51.303215,-0.635753
52.422745,-2.88524
53.740131,-0.673328
58.012657,-3.853251
53.726452,-0.578255
56.467213,-2.873153
51.745712,-0.011157
51.592918,-0.06982
52.619747,1.439316
52.623035,1.418896
55.94143,-3.10064
53.382153,-2.975665
51.111584,-2.447103
53.499893,-2.647233
52.59816,1.47013
53.163021,-3.055948
52.357525,-2.948551
53.67283,-2.66447
50.399979,-4.791736
52.169289,-3.427068
52.999625,-1.196115
51.97094,0.769021
50.953552,-0.127749
53.808743,-1.576277
53.908112,-1.753363
53.421205,-2.215896
54.355305,-2.766231
51.523538,-0.647335
51.633526,0.813459
53.791237,-2.258014
53.793776,-2.244644
53.784962,-2.248883
55.817123,-4.204029
56.057133,-3.233214
53.60519,-2.841758
53.598011,-2.840105
50.882858,-1.304835
52.984047,-1.040698
52.805798,-1.64246
52.253727,0.713355
55.780109,-4.262551
51.642365,-0.06916
51.644669,-0.384806
52.592376,-1.838163
50.990475,0.131651
53.26058,-1.913086
51.349869,-0.480714
51.67276,-4.098396
51.412422,-3.248087
53.107922,-3.033069
51.571903,-3.217805
52.516262,-3.43387
55.88791,-3.88978
51.58474,-2.760598
51.543301,-0.115177
50.497487,-4.208665
51.71701,-2.366194
51.335911,-0.745328
50.210392,-5.297921
52.194519,0.137584
51.53157,-0.057997
52.223333,0.157778
55.819458,-4.173839
51.541889,-0.139764
56.006775,-3.817015
56.189693,-3.046855
51.49823,-0.05076
51.5061,-0.01578
52.399418,-1.547232
52.686768,-2.022158
51.548747,-0.091614
51.275261,1.075434
51.284279,1.074608
52.578907,1.512899
53.260155,-2.942908
56.141308,-3.261651
51.466324,-3.166049
51.475193,-3.177794
51.482389078391414,-3.171162558830437
55.853252,-4.340297
55.960163,-4.652782
55.806938,-3.956112
54.177513,-2.972746
54.890675,-2.933833
52.964573,-1.078357
55.730408,-3.848761
51.853233,-4.305732
55.834053,-4.161873
54.129688,-2.771244
56.500618,-2.7066
55.854412,-4.17898
51.627885,-0.385578
57.279873,-3.829541
51.367859,-0.16693
51.357117,-0.17023
55.69075,-3.668696
55.942261,-4.731633
51.522865,-0.331575
51.099583,-2.522683
53.724171,-1.355852
53.591804,-2.178125
54.467297,-0.947707
51.282803,-0.078539
51.444706,-0.025701
51.444725,-0.027142
51.488678,-3.178149
55.817879,-4.261552
53.997515,-1.319808
50.405525,-4.466937
53.098511,-3.031972
51.567905,0.128263
51.502792,0.290938
51.66835,-0.560646
51.53883,0.6706
50.983,-1.3845
53.312405,-1.918915
53.464046,-1.466743
51.01577,-4.024398
51.925312,0.758944
51.208649,0.790337
55.865345,-4.270689
51.872929,-1.490133
51.486904,0.030852
51.256958,1.018303
53.44605,-2.368171
55.76521,-4.00466
51.381161,0.520559
55.536404,-1.706846
53.375956,-2.188125
51.35601,-0.2148
51.857908,-0.662168
53.270744,-2.280375
51.736595,0.469316
51.35603,0.108373
51.896465,-2.100245
51.640137,-2.67193
53.732868,-2.518401
51.387108,-0.509667
51.702747,-0.023171
51.364483,-0.300661
51.356491,-0.308144
53.196815,-2.880152
52.535575,-1.832582
54.854885,-1.577847
53.238209,-1.42011
51.360004,1.068182
50.866428,-2.574072
50.831821,-0.783032
51.244549,0.975937
51.21553,-0.523795
51.63385,0.009955
53.340275,-1.9444
51.462162,-2.115123
52.932793,-3.066708
51.405506,0.057437
51.4809,-0.267538
51.570135,-1.157942
53.652428,-2.626693
51.654188,-0.51846
50.738148,-1.784566
51.050629,-0.363538
53.750431,-2.391216
53.827671,-1.226652
52.536606,-2.803485
52.150936,-3.45719
51.514336,-0.103412
51.793953,1.154134
51.263832,-0.503622
54.105392,-2.409858
51.46534,-0.1328
51.464134,-0.170281
51.56213,-0.056685
51.852207,-4.88221
55.789753,-4.275865
52.276424,-1.696566
51.360664,-0.348207
53.56316,-0.029584
55.804073,-3.909695
53.522503,-2.314811
51.46423,-2.611761
53.87345,-2.394365
51.408096,-0.041668
51.8405,-4.731915
55.900562,-4.403927
55.863213,-4.032443
55.866886,-4.027847
55.864567,-4.005343
51.318077,-0.389917
52.627262,-2.200891
51.445396,-3.189974
51.900478,0.894085
51.886505,0.904055
52.5164,-1.7081
53.144047,-0.748588
50.839272,0.457142
53.85478,-2.181087
52.080284,-2.357489
53.296349,-3.725462
51.832277,-1.392817
54.481018,-0.97514
53.157637,-2.192754
53.48885,-1.234333
56.451981,-5.384973
57.5617,-4.4404
53.917351,-2.010631
53.386219,-3.026886
53.280093,-3.83046
50.83271,0.426969
51.556873,-0.721948
50.903938,-0.010272
50.44479,-4.481655
50.814228,-3.751624
54.966152,-2.017141
52.489196,-0.687944
55.836494,-4.323322
54.541657,-3.582155
56.842724,-5.121662
56.760181,-4.690966
51.520512,-3.230858
52.545738,-2.086051
52.645031,-2.301479
50.841644,-1.068259
53.781826,-0.406402
53.767437,-1.588832
52.400787,-1.513466
52.447032,-1.494559
51.155441,0.110653
56.111679,-3.344314
52.469177,-2.08976
55.99485,-4.711291
55.088604,-1.598887
50.7501,-3.4206
52.441975,-2.837077
51.111874,-0.187083
51.448273,0.178826
50.783375,-3.646912
51.852028,0.580186
53.3588,-2.91172
53.264008,-1.215865
53.089607,-2.432987
50.873337,-2.778815
51.684334,-0.106441
56.389652,-4.617778
52.918312,-4.236972
51.559227,-0.214071
55.818455,-4.229643
51.454777,-0.03678
52.930595,1.292778
53.112915,-1.548788
55.84388,-4.36049
53.804638,-1.451798
53.858829,-1.844886
55.833225,-4.257648
51.621,-3.1261
55.833626,-4.284813
53.66756,-2.777717
51.571205,-0.116907
51.046085,0.188422
50.888702,0.500984
53.589725,-0.817042
51.366356,-0.819194
55.955734,-4.035697
51.417603,-0.072899
53.23991,-2.599329
51.708675,-0.109761
51.653773,-1.236445
57.919842,-4.405676
55.941326,-3.982089
56.317043,-3.008772
55.901703,-3.317849
51.509639,0.025894
51.374298,0.462693
51.701885,-3.413774
51.656544,-3.016233
52.051689,-3.747095
51.526237,0.14505
53.539389,-2.516212
56.044178,-3.354809
56.400272,-4.9832
55.839371,-4.21647
55.986362,-3.381645
55.911793,-4.427038
55.947365,-4.578226
55.705395,-4.711899
54.846203,-2.988866
51.546139,-0.07544
54.15424,-3.179031
56.934334,-4.246498
54.466068,-0.910704
51.505199,-3.23332
52.324329,-1.819493
52.57638,-2.01953
54.520462,-1.54732
53.381084,-1.410661
52.272812,1.522343
51.447548,0.217643
53.58836,-1.531646
53.69804,-2.464958
51.483303,-0.579978
53.390719,-2.153234
50.580692,-3.464583
50.599311,-3.443903
51.223129,1.398559
51.042629,-1.634802
53.473961,-2.250061
53.294739,-3.833424
53.669018,-1.751739
53.228767,-2.666577
53.572628,-1.663215
51.578495,-0.497633
51.580544,-0.517774
51.468243,-0.089475
54.282597,-2.363987
53.457087,-2.131648
51.478897,-0.02711
52.916381,-1.462555
52.04953,1.182332
50.378132,-4.171534
53.692089,-1.633487
51.611275,-1.242614
51.248928,-2.207723
51.431614,-3.21839
51.617073,-3.437123
51.440109,-3.179776
57.594238,-4.422611
54.51474,-1.467051
53.449382,-1.970276
53.358146,-2.042465
52.373096,1.123274
50.382553,-4.175957
53.545216,-1.530617
52.295223,-3.263955
50.918686,0.610732
53.186123,-3.822808
53.052105,-3.884288
50.708752,-2.437593
50.710526,-2.443274
53.327625,-1.514997
51.241615,-0.323822
51.238918,-0.323921
51.236443,-0.339762
51.15567,-0.005183
52.371861,-1.753209
53.300005,-1.890678
51.125988,1.304227
51.938892,1.280724
52.564133,-3.925273
52.60471,0.365751
51.516326,-0.330089
51.552124,-0.104723
56.005981,-2.785752
54.001526,-0.434627
54.376968,-3.444066
52.26862,-2.158239
53.301357,-1.468768
55.904926,-4.364204
55.941292,-4.774822
55.867233,-3.95114
55.904495,-4.386583
52.488018,-1.871842
52.524517,-2.049401
52.987713,-1.486035
57.319847,-5.692103
55.859207,-4.212814
52.200943,0.366197
55.946705,-4.56697
55.942478,-4.55387
55.841255,-4.309216
55.072395,-3.605261
51.345566,1.426291
55.998428,-2.514625
56.186001,-3.967296
57.336727,-5.637282
56.456669,-2.970576
56.068233,-3.452033
56.080706,-3.42164
56.557301,-3.578097
55.711926,-4.532435
57.986111,-3.946595
54.952164,-1.648648
51.296425,0.171616
54.779408,-1.581746
50.817463,-0.411463
57.205002,-2.191978
52.78857,-4.104242
54.529449,-1.349426
51.51466,-0.300843
53.451139,-2.637674
51.441051,-0.917989
51.441929,-0.188423
51.227631,-0.171078
52.366638,-1.861907
54.9468,-1.420767
51.375679,-0.093335
53.410206,-2.22111
51.460911,-0.081151
51.255112,0.48498
53.791622,-1.363933
51.126213,-0.017887
55.765388,-4.18199
55.9856,-2.6579
51.285748,0.439308
52.862,-1.263
51.485065,0.412479
50.822071,-0.354517
50.769085,0.281847
51.437126,-3.207031
55.860157,-4.107389
53.307532,-2.9812
50.968559,-1.350563
53.75481,-0.786612
51.443009,0.320887
51.7573,-3.1965
51.782007,-3.205996
53.485443,-2.333014
52.470585,0.969656
53.430665,-2.780555
53.36477,-1.817395
51.390762,-0.026587
51.208508,0.060099
51.200287,0.06689
53.402663,-2.946986
55.941,-3.32
55.927615,-3.307829
55.952442,-3.188236
51.623802,-0.059665
51.291504,-0.419536
50.887848,-3.875235
51.428925,-0.545701
54.437679,-0.761896
51.494469,-0.098462
57.64299,-3.31163
53.282097,-2.895403
51.398335,-0.049263
51.417435,0.043594
53.498924,-1.428617
51.92038,0.22779
51.652836,-0.279779
51.455101,0.0496
52.951843,-0.855362
52.390846,0.266105
51.56889,0.220658
50.851326,-0.938784
51.5838,-3.2287
51.652607,-0.090404
51.671379,-0.028875
51.651524,-0.078891
53.655591,-2.413983
51.334339,-0.268756
51.321365,-0.243411
52.528435,-1.839297
51.089024,0.200452
51.481621,0.174651
51.379642,-0.354714
55.88956,-3.07845
51.540302,-0.096552
51.010479,0.441935
53.670071,-2.675045
52.098793,-1.947413
51.345612,-0.24106
51.349445,-0.256711
50.726471,-3.532973
50.729019,-3.544387
50.716529,-3.538759
55.860619,-4.283207
50.620937,-3.415035
50.668255,-3.443337
51.362377,0.203465
52.696018,-4.049464
53.471215,-2.14581
55.752514,-4.853834
51.491714,-3.232963
51.459087,0.078571
56.002735,-3.786359
55.991863,-3.792276
56.386242,-5.114992
50.862064,-0.087364
50.15075,-5.0559
50.148392,-5.065443
50.853352,-1.19162
51.296471,-0.756436
51.301723,-0.743385
51.197639,-0.604522
51.211422,-0.793093
51.401337,0.235533
53.549999,-2.387857
51.520071,-0.104665
55.822163,-3.719006
51.311436,0.891278
51.095943,-0.263403
53.469063,-2.936729
57.777828,-3.994245
53.679253,-1.359562
51.967449,1.352707
51.447845,-0.40983
50.787022,-3.285259
52.000103,-0.716636
51.685932,-3.394469
53.716625,-0.508878
51.76833,-4.36952
51.87244,-3.992916
54.209946,-0.293351
51.509438,-2.561933
51.550198,-0.183324
51.564724,-0.105642
51.85305,-1.47003
50.839352,-0.815495
50.834469,-0.219161
52.0035,-4.9948
52.011505,-4.985713
53.060253,-0.912181
52.470078,-1.913116
51.290947,-0.831169
54.689815,-3.520544
53.249516,-3.13302
52.003457,-0.4952
53.443746,-2.383878
53.461737,-2.080965
51.082985,1.168331
51.085163,1.154209
50.829506,-0.578611
51.549976,0.023568
51.438869,-0.053297
53.553796,-3.070706
57.609661,-3.62847
58.356998,-3.896903
55.958809,-4.7953
56.820625,-5.106721
52.579662,-1.8273
54.259041,-3.215796
52.119526,0.056572
51.104321,0.294034
50.795818,-1.073422
53.566494,-3.072014
51.342251,-2.30146
51.311653,-0.747426
51.838314,1.242907
53.820957,-1.769072
53.295853,-2.723145
51.227131,-2.309302
51.433525,-0.349893
53.348385,-1.989445
51.533082,-0.728467
53.399574,-0.769674
53.386078,-0.768558
55.610426,-2.809693
56.079449,-4.826544
53.796211,-1.382083
53.97842,-2.105171
55.855286,-4.129497
55.88784,-4.364757
54.32135,-2.325891
51.686685,-0.381689
53.488518,-2.672149
55.885,-4.078
51.596413,-3.641504
52.133816,-3.531142
57.613129,-4.688429
53.559399,-2.694418
53.394001,-2.230052
51.156425,-0.161022
58.513721,-3.45212
51.588883,-0.555367
51.581772,0.205411
55.804688,-4.294289
54.061775,-2.302644
53.747955,-0.732223
51.684208,-3.226604
51.033886,-2.272361
51.386829,0.549618
55.897295,-4.28201
51.424984,-0.084096
55.246517,-4.848927
54.439796,-0.794221
53.266644,-3.796892
55.860157,-4.259208
55.863003,-4.251385
53.70884,-1.34247
53.428076,-2.461152
56.274902,-3.7312
56.872753,-5.449219
55.738579,-4.674364
56.162224,-3.143189
53.444503,-1.949403
51.864799,-2.238141
50.859398,0.06883
52.893501,-3.036019
51.186115,-0.619175
53.448151,-2.049649
51.217606,-0.051188
56.497852,-2.719541
57.971092,-3.98806
51.218964,-0.442065
51.565502,0.112277
53.704426,-0.872907
53.222634,-2.32628
51.66346,-0.094289
55.836732,-3.046099
51.521428,-1.133051
50.817753,-0.432751
53.468712,-2.167182
51.555546,-0.150737
55.962788,-4.818021
51.648701,-4.035124
53.676613,-0.337699
51.642811,-0.096599
54.195282,-2.902752
51.466984,-3.189097
52.906448,-0.642438
51.170269,-1.619497
52.514969,-1.852612
51.441029,0.36699
51.476089,0.322719
54.4902,-1.113845
51.85207,1.065258
52.060402,0.1939
53.575542,-0.128701
52.109165,-2.318289
51.703304,-0.709132
52.612122,1.720949
53.38271,-3.016281
54.244748,-3.245602
53.251664,-2.533185
55.932064,-3.999232
53.538835,-2.014189
51.54235,-0.3463
51.450855,0.279694
55.945385,-4.752692
55.94772,-4.768866
55.001934,-3.064608
53.574699,-0.075873
53.564091,-0.086922
53.30555,-1.62629
54.436394,-0.724937
51.430389,0.022597
53.474171,-2.112961
51.236912,-0.580409
53.875668,-1.715537
51.491814,-0.275766
50.515992,-4.219437
52.866077,1.348821
53.072559,-3.017913
54.53304389624736,-1.1800496067361415
53.605507,-0.267936
51.378437,-0.15358
51.546825,-0.055896
51.548695,-0.060144
51.543625,-0.025759
51.770788,-0.942121
52.528835,1.622451
53.460873,-1.965429
51.668365,-0.176519
53.533442,-2.493744
51.53912,-0.07642
52.422375,-2.147018
55.762012,-4.220047
53.378669,-2.347383
52.346157,1.506141
53.364466,-2.830149
53.720417,-1.854486
52.436745,-1.845513
53.497442,-3.049607
53.597546,-2.413986
51.352169,0.445711
54.967972,-2.462321
51.067684,0.854653
50.871311,-1.329173
55.773239,-4.038928
55.779232,-4.056781
53.996105,-1.283026
50.796124,0.278906
51.555779,-0.165159
51.41607,-0.37199
51.401947,-0.342412
51.41412,-0.313201
52.428375,-1.699934
52.530718,-1.92838
50.725754,-2.018381
51.825172,-1.373471
53.34639,-2.213263
51.511604,-0.338432
53.781393,-2.318115
52.861309,-4.109248
51.536518,-0.258214
52.454128,0.908188
51.962012,-0.495715
51.790878,0.131497
51.781639,0.094804
51.592907,0.234819
51.814831,-0.351961
51.244652,0.673574
51.577305,-0.105115
51.577336,-0.098104
54.613551,-3.565573
53.991959,-1.537814
51.591576,-0.334067
51.57931,-0.336628
53.241721,-2.553978
52.335049,-2.22158
54.686771,-1.2073
55.810532,-3.839792
51.947701,1.255167
51.944157,1.285469
51.089237,-0.719162
50.923264,-0.146043
50.858288,0.57608
51.610054,-0.369499
51.763397,-0.216162
53.589532,-1.020931
51.779785,0.593463
53.325405,-1.651641
53.445126,-2.040324
52.295242,-1.672982
50.854416,-0.982763
53.114548,0.272619
51.802601,-4.960279
53.185703,-3.032561
53.218971,-3.031866
55.843136,-4.398792
54.974888,-2.246809
51.425755,-0.189073
51.502973,-0.420785
51.375744,0.010123
55.945854,-3.218458
51.00536,-0.105717
53.377415,-2.122121
53.492835,-2.878862
51.165657,0.627507
53.817787,-1.59289
51.60268,-0.356766
53.369248,-2.236533
53.581425,-0.160163
51.516290208817246,-3.1814466243484367
51.458214,-0.445447
51.47,-0.48
51.471,-0.456
53.425556,-2.179046
53.737587,-2.009063
52.977463,-0.29316
50.927773,-1.297056
52.709922,-2.00199
54.596977,-1.582071
56.004261,-4.732803
56.013268,-4.73184
54.010972,-2.227961
58.117737,-3.660068
53.275784,-2.770786
51.742062,-0.490762
51.580057,-0.238652
51.647362,-3.224162
52.291,-1.784444
51.534182,-0.900133
53.698357,-1.113905
52.060715,-2.708854
51.364059,1.118742
51.453148,-0.101624
51.377419,-0.389271
51.799793,-0.072591
51.798328,-0.092961
53.717567,-0.442169
53.32917,-3.073568
51.180912,0.094648
54.951862,-1.554976
54.974201,-2.095266
51.91902,-1.299262
54.033284,-2.913179
51.149609,0.277686
51.629793,-0.745139
51.426376,0.466931
51.608837,0.000183
51.218098,-2.972192
51.54668,-0.10206
53.525272,-3.057407
51.214451,0.226465
55.920143,-4.32032
55.854778,-4.354768
55.85537,-4.370778
53.62217,-3.024673
50.828075,-1.058592
51.374939,-0.340508
52.534969,-1.371916
53.542053,-2.574909
50.752384,-1.713616
51.952915,-0.262498
51.452374,-0.000906
51.603825,0.659971
51.265484,0.627465
53.199131,-2.351063
51.180428,-0.321752
50.711346,-2.077863
53.307674,-4.631062
55.812943,-3.973967
51.546535,-0.038601
52.101383,-1.834989
50.797062,-3.186207
53.608849,-1.780814
51.450428,-0.045607
51.279587,-0.961933
53.296741,-2.976721
53.346283,-1.729587
53.117344,-3.03691
52.391964,-2.912536
54.763879,-1.307347
51.168137,-0.161994
53.980236,-1.527272
51.586414,-0.111961
53.847576,-1.630612
51.066174,-0.318753
51.279114,-0.434304
54.149379,-2.302054
53.579948,-2.543712
53.597366,-2.803828
53.372378,-2.775056
51.462471,-0.361808
50.835514,-0.170824
52.715084,1.408312
51.717697,-0.344594
53.764526,-0.86068
55.811,-4.56
53.390202,-3.178861
52.975594,-0.110044
53.038265,-1.195793
53.648407,-1.785142
53.744144,-0.345645
53.452321,-2.327363
53.772144,-2.345903
51.415344,-1.511056
54.17429,-0.314737
52.328613,-0.192047
57.444401,-2.776354
53.360644,-2.855716
51.244545,0.004397
53.955669,-0.43331
53.409813,-2.842991
53.451682,-2.085149
53.464306,-2.085829
53.194546,-0.600412
55.879803,-4.314715
51.885281,0.926539
51.115902,-0.215505
51.559078,0.068699
52.9794,-1.2949
53.925304,-1.821799
51.475134,-0.183026
53.538975,-2.611865
53.276736,-2.816234
51.667301,0.384556
57.33749,-2.616279
57.688587,-4.175563
56.456795,-3.057897
56.034725,-3.39621
55.905781,-4.873089
57.480194,-4.223199
57.5335,-4.0552
57.925362,-4.399288
57.286343,-2.373224
52.050552,1.144481
53.434172,-2.432989
55.610916,-4.675196
51.474709,-0.33689
51.82571,-1.238185
51.508342,-0.506659
50.393515,-3.904954
54.5515,-1.2076
53.404748,-2.991993
52.489514,-1.913522
51.756714,-4.996407
55.834759,-4.50369
55.882282,-4.326053
53.54419,-2.375032
51.149399,1.271566
53.86787,-1.90112
57.550976,-2.954062
51.841202,0.701529
55.8933,-4.3106
51.67622,-2.023115
52.092026,-0.505266
51.421757,-0.40929
51.297684,0.247716
51.361996,0.733559
54.332108,-2.739667
52.3429,-1.5726
51.324547,-0.101199
52.277523,0.490482
55.813099,-4.325119
51.530602,-0.223847
51.534157,-0.220811
51.497753,-0.210189
51.412659,-0.045786
51.550338,-0.140446
51.546501,-0.146778
51.581436,-0.317123
54.172967,-2.925351
52.393177,-0.731724
51.489311,-0.288827
51.477558,-0.284949
50.389687,-4.179095
51.417122,-2.49465
51.462662,0.028331
52.384457,-2.239458
53.086555,-2.244828
51.734299,-4.317046
51.537312,-0.19186
54.477268,-1.067829
58.171432,-3.869993
51.732071,-4.715219
55.612835,-4.499048
55.636425,-4.532331
55.924755,-4.453454
55.655994,-4.710071
58.258408,-3.941063
51.902222,-1.629331
56.069389,-3.174161
52.43141,-1.89297
51.70631,-0.438411
52.754108,0.403475
52.413456,-1.933801
50.935921,-3.905634
55.819935,-4.247294
52.020184,-1.280066
55.919323,-3.265634
51.412155,-0.301768
51.294807,-0.211439
57.07785,-4.052227
51.40247,-1.445059
57.243611,-2.350278
51.840897,1.214045
53.56347,-1.075006
53.486619,-2.902021
54.455135,-2.368603
53.099758,-1.253278
54.232426,-3.187398
56.112579,-3.167445
55.38834,-3.998533
53.440896,-2.981093
53.787373,-2.881834
55.814156,-4.168751
55.888744,-3.432526
53.826,-1.62
55.85577,-4.048037
53.484829,-0.593886
53.340729,-1.265524
53.336975,-1.240052
54.008755,-1.470482
51.86636,-0.187406
52.345043,-3.042232
51.34573,0.130865
53.706528,-1.259172
52.359833,-3.096907
53.301956,-2.372101
57.280567,-5.713067
56.273834,-3.122284
51.456291,-0.019445
51.567566,0.424063
58.001701,-4.401
50.64814,-1.16686
52.447456,0.533911
51.667145,-4.873332
55.673119,-3.772901
54.048553,-2.807934
50.827015,-0.323103
52.657101,-2.020659
55.924725,-4.586326
53.804934,-2.447934
51.508011,-0.541747
52.494385,-2.005857
53.018236,-1.330982
55.821175,-4.277696
54.694744,-2.662457
53.232885,-1.208882
50.857384,-3.811489
52.341232,-1.72549
56.022751,-3.830604
55.792637,-4.867942
55.739258,-3.974445
56.835945,-2.466345
51.458168,-2.564183
53.835625,-3.030249
54.750233,-2.702207
51.5672,-0.00363
53.42709,-2.72386
52.480709,-1.786457
51.905304,-0.459139
54.459885,-0.826027
52.284893,-1.536723
53.408035,-3.099624
51.298397,-0.333225
52.044991,-2.425728
51.449432,0.013364
53.795158,-1.549089
52.631397,-1.125274
51.194057,0.211179
51.541309,0.640454
51.916046,-0.676874
50.18390701175632,-5.436586836867091
50.17881236566778,-5.441816219421234
51.233986,0.707337
55.921364,-4.153932
52.225109,-2.730506
51.980305,-0.229403
56.375427,-2.893734
56.1923,-3.002
53.444405,-2.192676
50.870281,0.012455
51.466099,-0.014703
53.69886,-2.687101
51.569393,-0.007313
51.563725,0.008304
52.680347,-1.825431
52.6869,-1.800014
52.041385,-0.558972
51.51239,-0.040071
53.227089,-0.540922
51.176392,-0.007151
52.621872,1.489735
55.975689,-3.596
51.071213,-0.801027
50.446711,-4.46753
51.044254,-0.893023
51.544357,-3.185344
51.752014,-0.809152
53.285537,-2.943134
53.642988,-2.094698
50.810226,-0.546547
51.079514,-0.308276
52.462696,0.316905
53.40525,-2.977841
53.407299,-2.977746
53.3577,-2.8897
55.901736,-3.543357
55.871712,-3.503823
52.741375,-4.078263
52.820835,-4.110252
52.336231,-3.212283
51.60321,-3.233085
51.507942,-3.229076
52.835865,-4.124342
52.920666,-4.057092
51.885117,-3.987662
51.99509,-3.803163
52.242687,-3.37963
53.320911,-3.827043
53.283953,-3.809102
51.820099,-4.003658
51.673405,-4.162068
53.25716037915938,-3.983065425056954
53.22094,-4.209263
51.940639,-3.892638
52.113724,-3.55528
51.691093,-4.078988
52.350227,-3.161273
51.53759,-3.4408
51.700339,-3.137033
51.533592,-3.182181
53.14401,-3.802844
51.962551,-3.871719
52.104584,-3.632354
52.66658,-4.088024
51.633957,-3.453557
56.402481,-5.040117
56.855343,-5.191638
56.881035,-5.663456
56.855473,-5.290086
56.13538,-3.312958
57.621277,-4.809628
55.786549,-4.617038
55.123085,-3.353242
53.635849,-1.800335
51.510735,-0.103554
51.505035,-0.085058
51.510525,-0.090589
51.508362,-0.123835
51.528313,-0.134545
51.511234,-0.079039
51.541454,-0.057574
51.517551,-0.08021
51.52248,-0.163605
51.516014,-0.176049
50.836773,-0.136696
51.24067,-0.56506
51.531921,-0.126361
51.49614940051593,-0.14472598873200532
51.501865,-0.111126
51.504513,-0.10814
52.293964,-1.086469
52.885105,-1.288114
54.017115,-2.254533
54.592896,-1.028041
52.396385,-1.980861
51.384556,-0.594536
51.396496,0.299994
55.976524,-2.889308
53.041656,-2.21623
52.990013,-2.137216
50.359234,-4.456029
53.572969,-2.494276
53.267677,-2.465197
53.724316,-2.687069
50.40744,-4.665497
52.779327,-1.194952
51.46666,-0.102499
53.74924,-1.750517
53.007072,-0.998465
51.425056,-0.033746
52.473618,1.749009
52.370853,-2.715275
51.882233,-0.414881
51.871159,-0.393485
50.390244,-4.747551
51.714584,-2.531189
52.459267,-2.116233
50.758083,-1.529275
50.760818,-1.537753
50.661121,-3.438876
50.648621,-3.431419
53.739101,-2.964206
53.259331,-2.121397
52.595844,-3.854311
51.610607,-3.655003
51.605297,-3.649038
53.506464,-2.930828
53.5167,-2.9213
50.780128,-2.568749
51.277288,0.514148
51.277729,0.520618
51.270943,0.515975
51.384579,-0.261118
57.005497,-5.8306
52.12534,-2.31987
53.361568,-2.268941
53.47398,-2.242531
53.476704,-2.228991
53.487465,-2.242607
52.497692,0.178779
51.948818,1.045653
51.552296,0.045309
53.394772,-3.171468
51.660114,-4.7919
54.972698,-1.606296
53.142232,-1.198192
53.1636,-1.201651
52.560432,0.090409
51.175785,0.49359
51.384926,1.371737
52.480366,-0.908868
53.384441,-0.337075
56.200069,-3.131414
51.880695,0.782372
51.570995,-0.766452
53.400763,-2.057168
53.602737,-1.93197
50.704,-3.521
54.587433,-1.018892
52.467159,-1.755616
51.170593,1.348907
51.406689,-0.720386
54.543808,-1.197708
55.898026,-4.301396
51.545784,0.006075
54.711597,-3.494738
53.138126,-1.558988
53.121941,-1.55766
53.432984,-2.209325
55.837124,-4.289813
55.354485,-4.686269
51.482883,0.003311
53.417046,-1.411669
52.090687,0.00853
51.379803,-2.14449
52.103683,1.338085
52.760643,-0.885564
50.426183,-4.40938
53.891895,-1.735205
53.399356,-3.15431
53.645519,-2.975696
51.386368,0.356977
51.61,-0.0501
55.749013,-3.978667
51.264164,-0.149555
51.745476,-3.377458
51.686607,-3.336622
53.138866,-0.391421
54.958492,-1.662656
53.490986,-1.28855
51.182034,-1.260283
53.788715,-1.324507
54.579086,-1.232596
53.359142,-2.084111
51.395805,-1.177683
51.163849,-0.63701
51.715977,-5.041485
53.735433,-2.501433
52.053822,-0.532724
50.911434,-1.433848
55.825157,-4.533405
54.210831,-3.271108
53.55137814131966,-2.1714390273037054
55.94091,-4.315152
52.034357,-0.77341
52.926464,-4.085625
51.329807,1.317431
53.671577,-1.692696
51.943417,1.080205
51.407725,-0.154764
51.392887,-0.157308
53.329941,-2.333309
56.480167,-2.818249
51.735134,-0.829882
51.468205,-2.588525
56.71286,-2.47207
53.408534,-2.989182
51.5186,-0.09027
53.516354,-2.35146
53.594452,-1.304952
56.969788,-5.821991
50.831841,-3.776424
51.396248,-0.200299
54.070322,-2.869379
50.701057,-2.312914
53.407917,-3.113156
51.992336,-1.7014
52.7071,-4.032224
53.75037,-1.592033
55.162537,-1.682903
51.371941,-1.035979
51.468288,-0.266575
53.55604,-2.400931
52.44582,-1.88451
53.764431,-2.943548
53.514963,-2.041263
53.379025,-2.915464
55.838947,-4.336232
53.52264,-2.171925
55.791927,-3.995234
51.395042,-0.23916
51.439804,0.050353
51.033987,-1.546942
53.231976,-2.732546
50.844616,-0.12076
55.826859,-4.262067
55.839882,-4.136638
51.683422,-3.378478
57.518017,-4.460981
55.810459,-4.273888
55.930225,-3.062719
53.729496,-1.981773
54.011684,-0.386948
51.419357,-2.750661
57.580227,-3.873024
53.063533,-2.518868
51.800156,-4.726567
52.571712,-1.20318
53.395412,-2.3435
51.66207564118055,-3.8077726824555507
52.156437,1.051047
55.782364,-4.426945
53.834469,-2.214223
53.292419,-3.063769
52.960972,-1.078427
54.456699,-3.566201
50.874977,-1.341913
51.648521,-0.172972
51.416988,-0.035525
53.43726,-3.049191
53.574455,-0.060771
51.476299,-0.032984
51.475544,-0.041655
55.402271,-4.182457
51.437649,0.0704
53.702106,-0.360936
51.312401,0.455075
53.611298,-2.86758
51.403393,-0.256084
53.364567,-2.007485
53.359169,-2.00898
50.755836,-1.658313
53.804573,-1.679581
51.613876,-0.142586
53.079987,-0.813151
53.082542,-0.799644
51.665686,-3.142116
51.397599,-1.322608
51.39814,-1.308549
54.968243,-1.617264
50.705418,-3.47259
55.932619,-3.091582
50.790398,0.054433
50.794888,0.054627
51.353733,0.66269
52.237904,0.406249
51.97995,0.216176
51.590145,-2.998873
50.415245,-5.075769
55.103279,-1.524313
53.069961,-1.222036
55.819256,-4.133907
50.529507,-3.599957
54.613171,-1.5881
50.77879,-3.588594
53.45623,-2.067735
53.452873,-2.614369
55.473541,-4.62632
55.865652,-3.066151
57.059673,-4.118831
52.512291,-3.311432
51.475861,-3.200846
55.811531,-4.360126
51.411907,-0.284525
51.411236,-0.123492
50.825382,0.389669
53.700249,-1.424378
56.057545,-2.728989
51.275517,-0.731195
51.454712,-0.087163
51.64859,0.681703
53.141348,-3.792723
56.013168,-3.395426
54.536667,-1.554856
51.464977,-0.285423
52.817383,1.385142
51.562355,-0.303394
54.333084,-1.441718
52.237433,-0.906689
52.408073,-1.96469
51.44603337930318,0.32451253613992664
51.557762,-0.359827
51.601643,-0.053558
53.261414,-2.496815
52.865513,-2.190102
52.627121,1.306879
51.396965,-0.075201
52.946905,-1.146441
52.526436,-1.463431
51.466747,-0.053546
54.528347,-1.170195
50.846313,-0.883508
51.22702,-0.132425
52.693104,-2.451245
52.671913,-0.734019
51.637627,-0.166189
56.411758,-5.473841
51.521687,0.290439
51.150955,-0.335692
52.470993,-2.055913
53.486871,-2.951095
51.525776,-0.088515
51.37978,-2.380742
52.43848,-1.804313
50.866959,0.590783
53.569014,-2.881615
51.373463,0.089049
53.530548,-2.709028
53.461991,-2.962908
51.312141,0.196757
52.478226,1.716998
52.469528,1.707425
53.714115,-1.512068
53.284155,-2.924788
51.253971,-1.25913
54.305169,-2.722249
51.753549,-1.270037
51.8042,-1.2745
51.336578,-0.361993
51.257298,-0.005075
51.182453,0.389485
53.405514,-2.556521
50.434658,-3.564361
55.840878,-4.422606
55.848026,-4.424646
55.852165,-4.442486
51.618736,-0.109164
51.485231,-1.090522
53.958687,-1.533605
51.778835,-3.997481
50.355263,-4.704752
53.590856,-2.770679
51.725651,-0.340727
50.723049,-1.94897
51.432758,-2.60991
54.569795,-3.580867
51.52578,-2.562647
53.484745,-2.357919
55.790443,-4.334935
52.89684,-1.473198
51.470585,-0.067782
55.178616,-1.64509
53.530427,-2.670225
51.683487,-4.247899
51.673546,-4.905563
51.69434,-4.93729
52.273914,-3.321972
51.65905,-4.72243
51.435669,-3.173908
51.524567,-3.50053
51.670681,-3.230578
51.419125,-0.055566
51.417419,-0.061402
52.545212,-4.035051
52.723611,-2.119447
53.270635,-3.923514
50.149736,-5.083108
51.671906,-3.363662
52.928623,-4.064905
54.661831,-2.758044
50.170206,-5.110885
52.830692,-4.112216
51.197449,0.174125
51.724976,-3.362362
52.903,-4.33845
53.143253,-3.055472
50.12162,-5.532489
50.216431,-5.111868
52.516361,-1.90196
52.130249,-2.071555
56.39275,-3.440068
52.574947,-0.24981
51.006924,-0.940951
51.388996,0.075393
50.815899,0.325291
50.818249,0.342453
51.342411,-1.771691
51.556502,-2.627192
52.42999,-1.90966
50.738079,-3.469582
56.70256,-3.736085
51.560387,0.508806
53.730961,-2.544142
57.333172,-5.666848
51.156578,0.748571
53.274809,-2.419615
50.929066,-0.060435
51.48959,0.082828
50.377762,-4.143386
50.820934,0.251705
52.625893,-1.60995
55.824589,-4.287476
55.824318,-4.301826
55.841103,-4.269287
55.83736,-4.277043
55.984856,-3.716614
50.731274,-3.501785
51.642693,-0.034453
53.065033,-3.862462
51.716866,-4.045417
53.691517,-1.303355
53.698711,-1.304749
53.694313,-1.319964
51.74659,-3.278995
51.524113,-3.390959
51.697926,-3.014277
51.599312,-3.342715
50.718559,-1.982964
53.976345,-1.147657
55.9342,-4.689432
53.349123,-2.998248
51.591671,-3.781362
50.848389,-1.126361
51.61203,-3.408079
52.930954,-4.136431
57.060455,-2.128577
50.836044,-0.204898
50.797756,-1.090417
50.956768,-3.950633
50.796097,-1.108895
51.488611,-2.688056
55.890717,-4.259381
51.697392,-0.192715
53.848128,-2.990212
53.350398,-2.13448
52.89962,-2.689765
53.423535,-2.799022
53.336491,-3.407164
53.293465,-2.14549
53.755721,-2.707191
50.846054,-0.154787
55.953426,-2.973665
55.511513,-4.616166
55.501675,-4.613935
55.812737,-4.344246
51.717697,-0.844059
51.550476,0.71167
54.966072,-1.864077
50.957355,-0.517751
51.481358,0.236575
51.337334,-0.113592
51.346989,-0.098843
51.46125,-0.216463
52.887825,-4.416754
51.579513,-3.038295
51.660686,-3.322844
51.416473,0.749756
55.835747,-4.267368
51.533916,-0.204966
51.47401,-0.057553
51.474552,-0.146819
50.403908,-5.029838
51.68486,-0.317626
51.685588,-1.240398
51.515831,-3.248028
53.51694,-2.789454
51.517449,0.190716
51.36657,0.611698
53.417129,-2.766398
51.340767,1.405833
53.787868,-2.47657
56.685318,-4.576208
52.985081,-0.455247
54.355804,-3.409456
51.413803,-0.0069
53.675964,-1.653298
53.688141,-0.961174
51.589851,0.601393
51.409294,-0.22998
51.458767,-0.972172
51.426667,-1.001389
51.455077,-0.990143
51.55872,-0.068379
50.919697,-1.470737
54.615692,-1.069318
54.609257,-1.05088
53.448956,-2.15656
53.435873,-2.159028
52.306337,-1.945248
51.240124,-0.164851
51.468792,-2.598875
50.233111,-5.225877
51.332108,-0.123854
52.564045,1.558941
51.241623,-0.203474
55.970566,-4.586181
55.8506,-2.1972
53.315872,-0.94772
51.520687,-3.213561
51.387454,-3.347599
53.234782,-4.505768
53.318409,-3.489144
51.759064,-3.289494
54.205776,-2.36087
53.457738,-2.962253
51.640447,-0.473013
51.332611,-0.099436
52.026588,-0.594903
54.949066,-1.97186
51.60443,-3.093533
53.763813,-2.420165
50.984726,0.469092
55.887581,-4.172291
53.410034,-2.855956
53.610293,-2.153444
50.418911,-4.830658
51.581276,0.701959
53.372269,-3.010898
57.988979,-4.158224
51.593413,-3.065478
53.065536,-0.900095
53.044319,-3.92125
51.575016,0.181986
53.414026,-2.089307
50.992641,-1.492716
54.115157,-3.19457
53.786686,-2.282282
53.396176,-2.076502
56.046055,-3.427114
53.429356,-1.358811
51.50098,-0.05353
52.917828,1.299239
50.892864,-0.957748
52.477299,-2.030885
56.888184,-4.83645
51.775494,0.035088
52.053509,-0.026686
52.986935,-3.044214
53.634817,-2.806792
52.378719,-1.249263
52.754672,-1.936963
52.769451,-1.930309
53.338696,-2.73919
53.326929,-2.665102
53.041615,-0.380127
54.470367,-0.626664
55.830448,-4.212766
50.733517,-1.159676
50.738914,-1.159578
50.72361,-1.157028
53.457916,-2.176173
50.951916,0.730782
51.76881,0.005796
53.482913,-2.254686
53.486462,-2.275715
51.201412,-0.162096
52.675083,1.391886
51.070915,-1.805864
53.838066,-1.790246
50.407108,-4.209449
54.583462,-0.974116
55.633648,-4.784804
53.722675,-0.808765
53.781536,-2.817973
53.664574,-1.485404
53.150113,-2.393528
51.348694,-0.093017
53.430021,-2.9915
51.34642,-0.803911
51.09021,1.065995
50.657101,-1.162457
50.386684,-4.464549
52.508431,-2.011281
51.269711,1.343208
52.124931,-0.28065
53.392452,-2.651094
55.370633,-3.923437
51.540049,-3.589196
51.722084,-4.718965
51.675751,-0.825626
51.814625,0.160177
53.267193,-0.664018
52.215309,1.489965
54.2798,-0.405666
58.482891,-3.553764
55.884491,-4.351765
53.58617,-0.650951
51.480209,-2.649427
54.929558,-1.38667
50.772495,0.10045
53.466336,-3.005619
54.836835,-1.341019
54.241287,-0.416367
54.395351,-3.48476
54.657959,-1.200106
55.0755,-1.5372
51.609524,-0.607809
53.78336,-1.06355
51.392704,-0.089759
54.416571,-3.510293
51.277817,0.940801
52.441322,-1.936708
54.066897,-2.280704
51.563992,0.096325
51.584007,-0.074521
51.27734,0.182193
51.559864,-2.664227
51.584629,-2.777917
51.51093,-0.05743
51.214264,-0.566789
50.633842,-1.179841
55.91993,-3.07872
51.021488,-1.328428
55.828987,-4.292521
51.440559,0.758397
53.378639,-1.463297
52.149517,0.139805
52.638985,-1.844528
51.506,-0.218
51.188339,1.229952
53.588913,-1.703863
51.397091,-0.447521
52.114567,0.031517
50.94405,-2.513816
53.797142,-1.23176
52.94096,1.210195
55.852959,-4.159731
55.775532,-3.952944
52.666405,-2.371116
54.626816,-1.637515
51.51121,-0.882452
53.833553,-1.773558
52.430218,0.412299
51.866131,-1.591864
53.20369,-1.201995
51.484216,-2.679162
53.32481,-1.16821
52.403473,-1.845632
51.531414,0.795616
50.896687,-1.36436
51.523433,-0.075614
51.332092,0.187665
50.834358,-0.271709
51.405548,0.002798
53.21352,-3.037728
55.818302,-3.80024
52.711369,-2.74897
51.434361,0.103342
52.731595,-1.109979
54.225966,-3.334281
53.537239,-1.560883
51.615364,-0.067415
54.169922,-2.804164
55.907711,-4.405983
51.342201,0.733817
53.143032,0.333926
53.958691,-2.025878
51.466957,0.189792
53.624275,-1.87901
55.926731,-3.243476
52.995274,-0.410174
54.46088,-0.66246
51.511921,-0.591803
52.46283,-1.858673
50.712822,-1.15721
52.501826,-1.980632
52.49632,-1.969885
53.633266,-2.113394
53.693192,-1.027678
51.330521,0.448864
51.214886,1.213187
52.33415,0.3277
51.38327,0.376939
52.415081,-1.78972
52.509892,1.653333
51.499813,-0.269697
54.582375,-1.186112
51.487446,-0.054101
51.362194,-0.093903
53.595234,-1.285286
51.533339,-0.336403
55.936951,-3.298234
51.541424,-0.178759
51.56963,-0.308894
51.40353,-0.205764
53.781994,-1.251772
51.556742,-0.398812
51.58036,-0.071788
52.582451,-1.132918
51.64957,0.606512
51.505884,-0.378513
50.950638,-1.36362
50.907742,-1.413983
50.895035,-1.405778
50.848343,-0.907601
51.648396,-0.052998
50.831284,0.03066
51.5687,0.704084
51.536972,0.712305
51.539234,0.731196
51.542389,0.711184
51.660873,0.835397
53.646597,-3.002229
50.832928,-0.236254
53.707886,-1.90756
52.788418,-0.156722
56.889839,-4.920321
53.339869,-2.993903
52.912267,-1.410627
52.535057,1.086088
52.44392,-1.83666
55.881363,-4.230064
56.295116,-3.051808
53.776756,-3.049403
51.748829,-0.326842
51.744675,-0.342422
51.513214,-2.696009
53.753383,-3.029662
50.338863,-4.789557
54.492465,-3.591263
50.401241,-4.186661
50.403008,-4.188144
50.399002,-4.94085
50.921997,-1.3882
50.17109456496005,-5.4436104448954366
50.394386,-4.308757
53.453117,-2.730328
53.433525,-2.699892
51.389935,-0.199115
51.580612,-0.032804
50.731094,-3.523202
51.468937,-0.023225
50.422714,-4.462204
50.855942,0.560326
51.787773,0.000837
51.454689,-0.320352
51.394714,0.107269
53.375649,-2.952704
52.231438,-0.247244
54.91066,-1.38387
52.804466,-2.123088
51.432873,-0.502415
53.587158,-0.182581
53.484471,-2.06264
52.647358,-0.480474
51.575035,-0.076343
51.513634,0.422634
53.277996,-2.841318
51.888979,0.26162
51.901495,0.199642
51.171856,0.55061
51.468052,-2.565747
53.999004,-1.501116
50.627731,-3.447757
54.375629,-2.818961
52.485241,-1.810006
53.900257,-1.946704
55.890026,-4.147389
51.899025,-0.206437
55.633533,-4.749829
52.06974,-0.520596
55.681633,-4.519346
56.119114,-3.934915
53.4049,-2.162419
54.94635,-1.917227
53.594349,-1.723478
54.56971,-1.31784
51.78772,-0.783575
51.565079,-0.07244
53.008012,-2.181119
52.90832,-2.154951
51.452053,0.263924
51.543961,-0.275233
51.020184,0.364016
56.96704042863975,-2.22550120563487
51.746029,-2.279516
51.363701,-0.247546
52.447563,-2.133857
52.456539,-2.142716
52.190105,1.000662
54.909626,-5.024806
51.542358,-0.004175
51.544306,-0.009882
52.19376,-1.716148
52.20642,-1.7307
57.422585,-5.429166
51.425755,-0.131535
51.418629,-0.136136
51.43829,-0.128136
53.676158,-1.399346
53.374932,-2.033544
57.352688,-5.550702
51.396,0.4998
51.744358,-2.218673
51.301018,1.121644
53.348137,-2.240313
51.554459,-0.316676
51.558423,-0.336092
52.035591,0.735111
52.082237,-3.686991
55.89835,-4.283814
51.418262,-0.416611
54.90617,-1.382357
51.413338,0.020402
51.391312,-0.633135
51.470451,-0.558781
51.392406,-0.303942
51.49279,0.048114
52.565269,-1.824404
51.375519,-0.196799
53.122108,-1.236385
51.390434,0.748194
51.392727,0.16755
51.449356,0.309854
51.625103,-3.941598
50.875427,-1.265151
50.784454,-1.609864
50.941719,-1.376552
53.168732,-0.702985
51.565437,-1.786448
52.969593,-0.186255
53.514822,-2.337384
53.487484,-1.305195
51.427208,-0.055232
51.433002,-0.079444
51.481735,-0.325116
52.693111,-1.082611
51.88118,-1.297202
51.29158,-0.235953
51.540848,-3.263129
57.814651,-4.051826
53.228443,-3.818606
52.904289,-4.068213
52.772507,-4.097534
52.551022,-1.974899
52.63737,-1.687083
51.523528,-0.681474
51.308765,-0.242456
51.023613,-3.102146
56.430714,-5.23868
51.424294,-0.332965
54.518147,-1.425305
50.547993,-3.494712
52.678764,-2.440744
51.001083,-2.417532
51.672897,-4.707348
51.333248,0.807944
51.388424,-0.340027
51.330843,1.361777
51.39384,-1.243048
53.436585,-2.759419
52.505165,-1.96313
52.359436,-1.845782
51.433395,-1.074968
51.692162,-0.035216
52.419384,0.744109
54.228489,-1.372573
54.559734,-1.301006
53.616329,-0.972006
53.60340766436456,-0.9581274229767349
50.911377,-2.57889
55.810642,-4.312201
53.653942,-0.323458
51.399181,-0.100981
55.767746,-4.250674
51.537586,0.762828
53.123108,0.19982
51.847698,1.162258
51.116863,-0.161162
50.900658,0.612558
53.02924,-0.962157
53.545033,-1.308775
58.590092,-3.527548
52.249699,0.808347
51.462879,0.353724
52.394798,-1.594357
51.471333,-1.029754
52.53039,-2.065499
51.72086,-3.246424
51.060257,-2.078456
50.917477,-3.359979
53.713612,-2.099977
51.37677,-0.280098
51.647942,-3.485801
51.191132,0.269715
51.548492,-3.595064
52.613789,-4.123919
51.61961,-3.450216
51.419914,-0.16053
50.685989,-3.4637
50.461014,-3.544095
50.472664,-3.547292
50.435623,-3.688317
51.5162,-0.1309
51.588257,-0.059914
50.917953,-1.482138
53.542807,-2.9045
53.454899,-2.310836
51.591419,-3.325157
51.568417,-3.2913
51.609661,-3.380569
51.671577,-3.53575
51.657593,-3.504922
51.976509,1.318431
51.800327,-0.622253
51.71257,-3.346066
55.543045,-4.654731
51.319954,-2.215222
50.263603,-5.063017
56.883984,-4.701509
51.439713,-0.10506
51.130119,0.262435
51.673481,-0.047594
52.864342,-1.682085
55.604394,-2.764936
51.450321,-0.329136
51.475605,-0.86389
53.222885,-4.476033
51.519104,-3.193341
52.893307,-4.079579
56.433407,-4.714873
52.453819,-1.839568
52.584663,-4.092974
50.968651,0.095048
55.823669,-4.086266
53.619457,-0.30063
53.85276,-1.215536
54.191872,-3.097327
50.996704,-3.982228
52.451218,-1.936691
55.919395,-3.499279
53.528192,-2.741346
51.559307,0.251938
51.413036,-0.429722
51.563652,-0.129293
56.434551,-4.7036
51.307972,-0.077498
53.385712,-3.084013
50.64838,-2.466731
53.448203,-2.35344
52.897041,-1.857258
53.281281,-4.563436
51.485686,-0.124025
51.401257,-0.562389
51.367062,-0.116688
51.07338,0.312483
53.105373,0.234774
53.67897,-1.488254
53.681736,-1.506386
53.520313,-2.395128
53.428049,-3.06982
53.422695,-3.069901
51.360424,-0.151431
55.942322,-3.013417
51.203808,1.382819
52.584282,-1.98521
53.696056,-2.104719
51.684834,-0.026846
51.583092,-0.019715
51.581367,-0.024113
53.456346,-2.965794
51.372364,-0.413873
51.846603,1.268192
51.245129,-0.66756
51.446072,-0.165239
51.470829,-0.138332
51.460812,-0.187679
51.551746,0.025089
51.50372,-0.05629
50.853382,-0.967163
51.808056,-0.028729
50.692425,-2.114646
51.498217,-0.876589
51.206722,-2.177467
51.0933,-0.329193
53.385509,-2.602871
53.391857,-2.592434
53.393744,-2.636929
52.286861,-1.582155
52.286268,-1.613493
52.518379,-1.743538
52.26268,0.196555
51.249214,0.423039
53.474968,-3.025532
51.652743,-0.391656
51.663475,-0.396506
51.675087,-0.3903
52.672703,0.382736
51.857201,-0.119521
51.486366,-3.228492
53.405132,-2.922964
52.951839,-2.171135
51.852566,1.114661
53.923813,-1.581206
51.736324,-0.209989
51.464966,0.101872
52.303867,-0.676496
52.700928,-2.516438
52.656998,-3.141297
51.800957,-0.203081
51.824165,-0.191992
52.856293,-2.718784
51.551468,-0.296592
51.553993,-0.284958
55.876656,-4.888525
51.76193,-0.747778
54.123531,-2.587517
53.36912,-2.907
51.487289,-0.195265
51.339394,-0.505468
55.853848,-3.567045
51.378517,-0.101844
51.509827,-0.472515
51.440388,-0.090646
51.513123,-0.320792
51.54711,-0.191016
51.548644,-0.1924
51.56744,0.341807
51.291584,0.418098
51.431583,-0.102517
51.569708,-0.437812
52.935497,1.245516
50.85368,0.540303
51.365734,-0.20437
51.381577,-0.015495
50.818111,-0.392983
51.26693,-2.199202
51.537437,0.692146
51.484428,0.017787
51.095444,1.037775
55.913727,-3.284654
52.081417,1.167082
55.905479,-4.335444
51.381386,1.338402
53.555775,-2.523773
51.348579,-2.942236
51.34454,-2.972301
54.883308,-2.833897
51.361248,-0.457352
50.61515,-2.455103
53.330402,-1.983448
53.824165,-2.412186
53.083076,-1.504312
55.852596,-4.022313
50.768253,-3.354243
55.938396,-4.746744
53.413932,-2.796407
54.484615,-0.615376
51.520599,-3.222209
51.237358,-1.338183
52.968048,-2.671497
51.604622,-0.070759
51.839069,0.596874
51.519091,-0.061404
55.790001,-4.310977
54.552864,-3.586843
51.817989,-4.614454
53.698685,-1.159331
52.3918,-1.851545
51.358204,1.033577
52.549522,-0.116602
52.104092,0.165388
51.447109,-0.356607
53.280987,-1.20055
51.309834,-0.081725
51.303474,-0.077684
58.441788,-3.097965
51.615025,0.519052
52.151421,1.398685
55.241428,-1.61623
53.37849,-2.733556
52.396175,-1.773647
53.543564,-2.632287
53.545353,-2.633814
54.829365,-3.164373
51.520824,-3.579684
51.5322,-0.2435
55.79398,-4.290462
52.854069,-1.563356
52.222618,-1.755493
53.326595,-2.225177
52.610817,-1.679499
51.421528,-0.206496
51.409958,-0.214138
50.933716,0.701241
51.067303,-1.320628
51.284481,-0.90733
51.633896,-0.101314
54.379745,-2.904339
51.48275,-0.608806
51.486309,-0.605804
51.430779,-0.87795
51.437233,-0.895052
53.190505,-2.494669
55.772346,-3.927267
52.58192,-2.05475
51.805702,0.641373
51.133362,-0.645059
52.51141,-1.883566
50.964249,-0.121633
51.855789,0.955116
52.01817,-0.654073
51.31847,-0.557814
51.411556,-0.842473
51.289547,-0.051013
52.587818,-2.119529
52.064861,-0.80377
53.517754,-1.417811
52.344143,-1.844372
51.587284,-0.00221
52.089855,1.31807
51.548706,0.04514
55.931339,-4.655614
53.364639,-1.358278
53.756969,-1.443328
53.429245,-2.093275
53.386055,-2.1413
50.68148,-2.220775
50.898556,-1.37713
51.491578,0.071819
51.489815,0.069883
51.49099,0.054083
52.265831,-1.784561
52.194801,-2.220885
51.381649,-0.245415
52.194817,-2.210642
52.15622,-2.1597
54.645061,-3.558626
53.311005,-1.123444
51.357995,-2.909703
51.288189,-0.581705
52.777256,1.404282
50.818768,-0.375924
51.939228,1.17014
51.457661,-0.541906
53.019311,-2.596089
53.773212,-0.924169
53.044876,-2.996385
53.05022,-3.002467
51.185463,0.929188
54.974991,-1.814058
52.545599,-1.831461
52.564804,1.11769
52.380131,-1.866284
51.226067,0.4118
52.421478,-1.854396
54.506115,-1.35597
51.540554,-2.432541
51.390965,-2.827815
50.77684,-3.726109
50.924686,-2.613198
50.944466,-2.613461
50.896114,-2.573004
51.668095,-3.526959
55.892792,-4.387464
53.957966,-1.093159
52.809009,-2.73645
51.640884,-3.241342
51.644478,-3.47557
54.514,-6.04327
54.2723,-8.48249
54.1871,-8.49453
54.1085,-9.16146
54.0887,-8.52088
54.0007,-6.41291
53.983,-9.1364
53.9676,-8.30438
53.9383,-8.10657
53.8591,-7.9164
53.8471,-9.2873
53.828,-9.19296
53.7955,-9.50885
53.7616,-8.7584
53.7612,-8.48448
53.7243,-7.79574
53.7204,-9.00222
53.712,-6.33538
53.6888,-7.60299
53.6794,-6.24253
53.638,-6.21705
53.6243,-8.19631
53.6118,-6.18226
53.5741,-6.11933
53.523,-7.34608
53.5201,-6.1439
53.4855,-6.15134
53.4509,-6.15649
53.4349,-6.46898
53.4273,-7.93683
53.4175,-6.46483
53.4169,-6.1512
53.4157,-6.83395
53.4043,-6.67892
53.4032,-6.14839
53.392,-6.11448
53.3917,-6.13678
53.3909,-6.15672
53.3891,-6.07401
53.387,-6.16163
53.3853,-6.44205
53.3831,-6.4242
53.3816,-6.37149
53.3815,-6.17699
53.3786,-6.19131
53.378,-6.58993
53.3777,-6.34591
53.3776,-6.39072
53.3755,-6.33135
53.3752,-6.31388
53.3743,-6.48624
53.373,-6.20442
53.3725,-6.29869
53.3704,-6.50598
53.3632,-6.25908
53.3629,-6.22753
53.3531,-6.24591
53.3509,-6.23929
53.347,-6.25425
53.3464,-6.29461
53.3433,-6.24829
53.3432,-8.47231
53.3397,-6.23773
53.3395,-7.61596
53.3363,-8.24081
53.3353,-7
53.3353,-6.45233
53.3353,-6.45233
53.3347,-6.22979
53.3345,-6.43038
53.3345,-6.43038
53.3345,-6.43038
53.334,-6.37868
53.334,-6.37868
53.334,-6.37868
53.3334,-6.40628
53.3334,-6.40628
53.3334,-6.40628
53.3281,-6.22116
53.3223,-6.52356
53.3223,-6.52356
53.3223,-6.52356
53.3212,-8.60608
53.3206,-6.21112
53.3099,-6.19498
53.3027,-6.17833
53.3015,-8.74855
53.2991,-6.16512
53.2954,-6.15206
53.2951,-6.13498
53.2878,-6.12712
53.2812,-6.12289
53.2756,-6.10333
53.2751,-8.94792
53.2736,-9.04696
53.2704,-7.49985
53.2557,-6.11317
53.2469,-6.66386
53.2364,-6.11691
53.2252,-8.7359
53.22,-6.1101
53.2043,-6.10046
53.1855,-6.80807
53.1725,-6.86245
53.163,-6.90802
53.1572,-8.81483
53.146,-7.18055
53.1454,-7.06361
53.1442,-6.06085
53.107,-6.04112
53.0653,-8.81595
53.0371,-7.30086
52.992,-6.9762
52.9882,-6.05338
52.9607,-7.7941
52.9363,-8.0246
52.9295,-6.22641
52.8999,-7.60259
52.8605,-8.19471
52.8407,-6.92217
52.8386,-8.97491
52.7932,-6.15994
52.7878,-7.82293
52.7656,-8.44247
52.7376,-8.78427
52.7128,-8.49794
52.699,-6.95213
52.6766,-7.82189
52.6712,-6.29195
52.6587,-8.62397
52.655,-7.24498
52.523,-7.14891
52.5046,-6.56627
52.5009,-8.20003
52.4701,-8.1625
52.3777,-7.92181
52.3611,-7.69936
52.3487,-7.40354
52.3468,-8.65362
52.3434,-6.4636
52.2855,-6.93896
52.2834,-6.83958
52.2726,-6.39254
52.271,-9.69846
52.2678,-6.75392
52.2667,-7.1183
52.2531,-6.33493
52.2312,-6.54918
52.1733,-9.55278
52.1396,-8.65521
52.1287,-8.89793
52.0854,-9.21756
52.0776,-9.06973
52.0595,-9.50198
51.9212,-8.17579
51.9163,-8.26323
51.9112,-8.3254
51.9078,-8.35466
51.9018,-8.4582
51.896,-8.3183
51.8688,-8.32417
51.8496,-8.32252
51.8491,-8.29956
54.61053634137581,-5.92274826151032
54.67237342418339,-5.903801605252063
54.68736649735,-5.894792804153737
54.492016943589284,-6.2149267419650265
54.466940681701104,-6.338569645004044
54.42475390839047,-6.44555889659771
54.33101614935179,-6.366699935645569
54.29252597352179,-6.372271026632094
54.1894084493265,-6.362826244536607
54.13231522713252,-0.7985888528398424
50.1207358557199,-5.283684570104247
50.46583330206053,-4.716388274978141
50.465833332284134,-4.71666670137478
50.466064013192096,-4.716962924062825
50.47397500191405,-4.759981902156594
50.47400733561565,-4.761369271862055
50.39439230420823,-4.082620300234662
50.396877655059996,-3.5562824472672885
50.38503470614094,-3.5749294564557554
50.34869553436494,-3.572505285786421
50.34881558811751,-3.5727043990021685
50.34876302041627,-3.572958022234584
51.206713004623055,-3.469496839002685
51.20666116624778,-3.468734341151671
51.206342702386515,-3.4679607894298186
51.206103698654616,-3.4674918448524936
51.19318420447788,-3.439212582728206
51.18181031027696,-3.401739257021576
51.18177662342884,-3.4016089902812934
51.181769902599584,-3.401199268876269
51.16144599448603,-3.3685406638494406
51.16164692038468,-3.3684716040483464
51.18071445301377,-3.329983788831934
51.18073786065379,-3.3295283168249536
51.178564880293905,-3.3118733069192148
51.16582601432994,-3.3091381908128743
51.16570426069043,-3.3091338901741696
51.127261321507255,-3.2723197453804764
51.101587787670276,-3.2341697175649853
51.05410848201698,-3.1939886306958654
51.05467077549306,-3.194458525330448
51.53195199547294,0.003723371
51.49078429543708,0.12027197064065129
51.508757351253415,-0.263430195
51.516886495162936,-0.267689948
51.50307098636339,-0.280302697
51.35623853949495,-0.0326651
51.37980817216768,-0.073213283
51.435815816166325,0.1264446387204615
51.51434226,-0.075626912
51.515081505698724,-0.073001462
51.59826262860595,-0.120148971
51.51047690641237,-0.012624885
51.54120878643842,-0.299515753
51.674128328342675,-0.606513768
51.38229921988808,-0.123636798
51.41251661375114,-0.0651371
51.53296784539842,-0.105581448
51.612420242475814,-0.048732919
51.56549031545965,-0.135121576
51.391522658988485,-0.05831855
51.616229924551426,-0.134270218
51.55854120559965,-0.105499933
51.406797904315376,-0.049446937
51.52312936605881,-0.156904193
51.443182314397006,-0.152685162
51.51334691914183,-0.089000123
51.32929277590573,-0.213132334
51.520215126107836,-0.097721578
51.53952124839739,0.08083161
51.51911216,0.11476948270172459
51.58585076146283,0.08847664
51.464780553326264,0.16094802394688462
51.46712737869088,-0.242033059
51.47222764,-0.252362613
51.49022833,-0.213430142
51.47731808303144,-0.14812376
51.479496343757326,-0.142001351
51.51211098317958,-0.187901572
51.42462603356409,-0.016495762
51.410941601884666,-0.025701739
51.40952967986142,-0.043391922
51.51437673300682,0.061525297
51.50890088618667,0.054821939
51.53958561974398,0.12688029269359377
51.389239651469765,-0.142138433
51.400961356342684,-0.178496472
51.433864862646075,-0.02041177
51.34411959994204,-0.199489251
51.55019061178192,-0.163974491
51.49195925487853,0.15203379329231395
51.49796067750633,-0.06433009
51.39876794902152,-0.280321473
51.527191653122124,-0.055392111
51.524282643710485,-0.060013742
51.44081477613684,0.1482039142729925
51.46355017881958,0.13336296607247622
51.400379644488545,0.044304031699826496
51.40386300465971,-0.056286236
51.511586761695014,-0.102995385
51.46540802722941,0.008336595
51.384746070367555,-0.070533948
51.58577656484627,-0.039625711
51.50783153133504,-0.007235166
51.513797282327445,-0.149613609
51.50104871772216,-0.094197323
51.49576500584812,-0.324747183
51.60703172061751,-0.124177065
51.52761517272713,-0.020499899
51.52704176950966,-0.024359591
51.60724932125086,-0.119792218
51.57659886839313,-0.213335838
51.568702598334454,-0.226906068
51.487535802426834,-0.309622531
51.613610829903095,0.29967282145821766
51.65524456622429,-0.031092277
51.46474960336704,-0.03774825
51.40894234206782,0.017235451958710183
51.40000131982635,0.01735958
51.524840183700945,-0.011682374
51.54526203281226,-0.202838483
51.54032502366848,-0.210473944
51.747015552729756,-0.011024084
51.59401113363423,-0.070398989
51.62657674004732,0.046712541
51.52350398967751,-0.646388208
51.60255148173764,-0.264330708
51.641481848544466,-0.069280412
51.645543532577356,-0.384721533
51.54788524982811,-0.118360861
51.543284389381675,-0.115204856
51.53205967,-0.057203201
51.54185100885649,-0.139203111
51.53996912160411,-0.14245238
51.498168331250874,-0.050807121
51.50357837512887,-0.01946684
51.51387030350512,0.008305633
51.51136194370192,-0.090250526
51.54818823621243,-0.092574195
51.60765009028535,-0.294391591
51.628186088758376,-0.385829315
51.36842609544169,-0.166398326
51.357386565323054,-0.169496324
51.52297312488631,-0.33150407
51.28216269622904,-0.078607298
51.444264871170326,-0.026538499
51.44469458702001,-0.024821876
51.37576730003021,-0.103888103
51.56804709196961,0.12890111256817982
51.485554969647055,0.2874757055480307
51.66790656389214,-0.561067759
51.54414883734655,-0.15373307
51.518493835819875,-0.111962027
51.50835842818622,-0.124802937
51.48683504159718,0.030941644861415016
51.35545989418584,-0.214211281
51.35626476,0.1089841204169227
51.705379023301255,-0.611429635
51.70287327834175,-0.023887415
51.364242952267205,-0.300476124
51.35670402954921,-0.307089015
51.61785799974183,0.076179215
51.63325339188138,0.009514326
51.309374756584944,-0.16967329177373194
51.405598505329735,0.057491822
51.48078105961514,-0.267013318
51.494370277942714,-0.267736918
51.65426508092765,-0.518333911
51.37370639339632,-0.104346828
51.513934900660104,-0.103618449
51.461803445807924,-0.138314901
51.46546929922253,-0.132464502
51.464366507789435,-0.170315001
51.46491600472909,-0.129910062
51.45267624920499,-0.147984068
51.56156899642487,-0.057489458
51.408540496896926,-0.040702092
51.65202423620424,-0.14991671
51.59523010894074,-0.25028754
51.41875889952969,-0.177415098
51.359789214486234,-0.059531571
51.31585700989689,-0.13803983544578885
51.51276003353218,-0.124506894
51.44854705225513,0.17850271816040406
51.68447443881015,-0.1068441
51.55842232306195,-0.212547931
51.45517923504132,-0.036546582
51.495839957405124,-0.014932813
51.57132690836755,-0.117133284
51.64700456011115,-0.441603787
51.418170235167786,-0.072607232
51.708720030860746,-0.109783412
51.50962210163043,0.025772510305280598
51.50852668850102,0.063840756
51.526287437082075,0.14503101528852466
51.54418761328958,0.16583343330916664
51.54121203550144,0.14767972147400332
51.54609359547847,-0.074994204
51.44736897119779,0.21924779796078603
51.64549214152591,0.083801475
51.468200492925064,-0.090987869
51.47889004331755,-0.02619632
51.47447673839478,-0.022052429
51.52225844074295,-0.018007754
51.55185020227431,-0.238797758
51.51600413801542,-0.329611253
51.553078136383206,-0.105770199
51.41739780912452,-0.20752711
51.51486148277942,-0.302010376
51.510248187933655,-0.287151413
51.49135635619762,-0.194313807
51.4422385,-0.187272687
51.51626301045364,-0.248112221
51.37571595390626,-0.091863496
51.46162545364044,-0.080436571
51.58733228,-0.164743884
51.53924625194368,0.051516293480576195
51.50868401,-0.002370332
51.45887944035384,-0.210998232
51.57655117614093,-0.39682329
51.390796061854985,-0.026669716
51.61422917451505,-0.275093662
51.520645084536135,-0.17053955
51.519997771093394,-0.167668253
51.62511560436454,-0.061639019
51.49584922002923,-0.100738714
51.54912490990794,0.19725268428342685
51.39829103016248,-0.049463832
51.41708070663452,0.044229343
51.65287512084613,-0.279828615
51.45566230922668,0.052329308
51.468372165038545,-0.016816376
51.50731229694681,-0.122367336
51.56911527219532,0.22022293719981073
51.65272196544716,-0.090704205
51.67084607825663,-0.02839107
51.65196994515368,-0.079329922
51.69368635497796,0.11382555351421217
51.33439102293239,-0.268777676
51.32365904938116,-0.238970223
51.48164796323426,0.17426129102681479
51.54063315566608,-0.096365525
51.52866411,-0.133296471
51.525468382999584,-0.135344488
51.345243482663065,-0.241502998
51.34999072305868,-0.257089129
51.59610969417489,0.09059328
51.45908592772001,0.078509693
51.52019551919777,-0.104843061
51.44787850388705,-0.409824471
51.511566579850786,-0.078554152
51.35131696970674,-0.024503265
51.60090293685636,-0.193220635
51.547095906434386,-0.180050559
51.55011920011288,-0.183651201
51.564635274841386,-0.105881486
51.54931616108423,0.024189091543256335
51.43930822760034,-0.053328504
51.480260585746336,-0.195544162
51.433941995205664,-0.349438518
51.50903426024889,0.071775395
51.57655306294169,0.066084098
51.37396589757682,-0.098718105
51.581866086649704,0.20597698312646676
51.42446938789821,-0.083835167
51.494499259625194,-0.183543558
51.57221521685042,-0.194834557
51.502076596636755,-0.227404003
51.52061289126984,-0.134807689
51.566181168031925,0.11172965502874978
51.66350208554497,-0.094473299
51.555405048065396,-0.151301031
51.61348057933538,0.09227253
51.64262292064852,-0.097314423
51.35454318729639,-0.043121699
51.52378856271794,-0.143961424
51.50676025371464,-0.142477574
51.54197950701463,-0.345878733
51.43043268339476,0.022598502190233866
51.49186296322991,-0.275164131
51.377860649835675,-0.153879197
51.54725735659255,-0.055589512
51.54907798925833,-0.060185105
51.54355836778055,-0.025259503
51.66840258482291,-0.176581188
51.53868460901327,-0.075595258
51.602845483752255,0.094108551
51.49181941355715,-0.222860926
51.49348298668772,-0.224640155
51.55654230644866,-0.178014558
51.555199657702005,-0.164566182
51.415878944953676,-0.372135246
51.40229331804945,-0.342757145
51.414639531606156,-0.313103604
51.53007156,-0.292996141
51.512185406676046,-0.338051878
51.536257908620385,-0.25749567
51.59320260393047,0.23420407665837287
51.57735773978009,-0.105208252
51.57714573,-0.098217391
51.399790474914624,-0.060699954
51.59259408808769,-0.334252679
51.57938757,-0.337001511
51.609827902244945,-0.369178773
51.466684612990974,-0.423380553
51.425457011112904,-0.188929357
51.37573672611433,0.010142652470698841
51.50304838798409,-0.420641893
51.602499044558435,-0.356907507
51.459779698532394,-0.447729578
51.47002462,-0.490647489
51.471288661913334,-0.452407214
51.58007459514265,-0.238630517
51.583132678162094,-0.226734137
51.45399120427041,-0.102562908
51.50338653553158,-0.021953532
51.65168793826675,-0.194165378
51.50072913416872,-0.191566055
51.608355995963855,-0.000135286
51.54649533884997,-0.104082139
51.57764637933854,-0.146934861
51.553776781763695,-0.449897982
51.452401723236484,-0.000970912
51.51723554139566,-0.119840507
51.50714614814041,-0.206557775
51.552815921064415,-0.112935696
51.54659538619648,-0.038512347
51.450648171040484,-0.044153121
51.55435547079002,0.21892699941117588
51.58647467109524,-0.111815637
51.46250422727275,-0.361796248
51.470925168799894,-0.365958121
51.47370731480755,-0.355275314
51.47310508637143,-0.38570762
51.53139149136721,-0.075585647
51.502583765542106,-0.152474113
51.56082433291199,-0.441579501
51.55914235666761,0.068685191
51.47493863003009,-0.182837503
51.48795007358022,-0.010493303
51.47503687348704,-0.337328758
51.50850130163604,-0.506740419
51.324600148977446,-0.101219712
51.48866228881571,-0.105070613
51.53052384871879,-0.224713381
51.53421471,-0.220820976
51.497879357125825,-0.21037924
51.412717586739795,-0.045815553
51.55000929428177,-0.140471263
51.546547731815146,-0.146756409
51.581495770351395,-0.315216861
51.490004145325656,-0.28884649
51.476788671230366,-0.285381007
51.46269023696999,0.028300239
51.54694410286596,-0.204632717
51.53726743072475,-0.191113104
51.53513522184343,-0.193966055
51.502008711932824,0.062206214109291724
51.34536406699128,-0.020264757
51.53079799248029,-0.122756421
51.58487606349117,-0.278601604
51.412641273140125,-0.301141035
51.29472279,-0.211233224
51.50135463701893,-0.160664485
51.345752156534864,0.13083103983431965
51.51721033175281,-0.21019817
51.456192106185256,-0.019244401
51.49912976538859,-0.11176826
51.511890658328326,-0.175429927
51.51888391608367,-0.015213799
51.50806077346535,-0.541770556
51.51395774487751,-0.217459663
51.56663620385152,-0.036683158
51.37519886025052,-0.084973649
51.449458544442464,0.013364692382120524
51.51129097417173,-0.128242147
51.46488069551227,-0.012432701
51.55813226231266,-0.006465332
51.56936422878631,-0.008066347
51.56852230672617,0.009140452
51.563807360364464,0.008254469
51.51231210167662,-0.039380078
51.51759813225402,-0.082249622
51.36427540535568,-0.080746273
51.50467420930433,-0.086005598
51.503689745247414,0.047872716
51.54071874924931,-0.057699686
51.46667873454398,-0.102497341
51.641570570828016,0.055279079287447894
51.42484679051851,-0.033330341
51.529994755621196,-0.185432645
51.51871952304399,-0.722667244416701
51.38460911046991,-0.261120412
51.570746986190926,-0.095684976
51.55285442759388,0.04572387
51.5120916,-0.094197657
51.51396523465938,-0.158571215
51.54566828299751,0.005681654
51.52239640326536,-0.163492562
51.48301366443111,0.003204897
51.60831170899128,-0.050959906
51.41339128096901,-0.201342029
51.525310919564504,-0.032666084
51.60831630368604,-0.20989571
51.397488336519444,-0.170871645
51.40838366,-0.154001717
51.39304231241258,-0.157436642
51.51063027735101,-0.086188313
51.629770003141125,-0.4322214781082446
51.51843699583112,-0.089017687
51.40218564474951,-0.19485198
51.408871575514766,-0.192805675
51.39630737175914,-0.20030156
51.53436199274684,-0.138744349
51.46816750082646,-0.26720331
51.395319236610256,-0.239439743
51.43982506175577,0.050324202
51.491236163479066,-0.014959945
51.554627310041155,-0.250115042
51.34259048309321,-0.017383327
51.64853648940239,-0.172969712
51.41670549342136,-0.035304949
51.47642936493697,-0.032278811
51.475264866034166,-0.039529052
51.43769077832163,0.070444619
51.40355549,-0.256218102
51.61409343513603,-0.143009775
51.57563850646377,0.090303158
51.48000104922924,-0.128500983
51.41190888768759,-0.284199943
51.41118830417269,-0.122799401
51.523432004609894,-0.259729524
51.45448166721483,-0.08791868
51.51762181807098,-0.288993548
51.50025516,0.003586259
51.58463070784392,-0.362632986
51.46541914451982,-0.286397462
51.56239579644328,-0.303948214
51.50049115689572,-0.315064813
51.54821230018008,-0.368440588
51.55761846530492,-0.359434189
51.60201564713907,-0.054132025
51.578508169653034,-0.318199386
51.611212919581355,-0.423837776
51.600801977914315,-0.409311348
51.39695420145057,-0.075209856
51.50937501801177,-0.195921616
51.466579898861724,-0.053679742
51.63767609370897,-0.166194965
51.64763774735996,-0.131853539
51.52199012375081,0.29048348002345253
51.525581330743044,-0.087622957
51.373520195924534,0.089028902
51.48121623575927,-0.352096089
51.48141241737747,-0.113321075
51.51522317440166,-0.14083617
51.51539350022652,-0.17573675
51.61878657015084,-0.110272499
51.526833556086295,-0.284928913
51.47495982565945,-0.20112449
51.46951125269604,-0.069983553
51.419975262275884,-0.054495265
51.41806283133318,-0.060645764
51.53634129467288,-0.323070416
51.38859911569542,0.07448003
51.403376431529686,-0.182296787
51.50969653217059,-0.133711596
51.48955264664939,-0.133108257
51.59236105660715,-0.381223782
51.53128836681778,0.017780641996985185
51.48979256526223,0.084299617
51.642730637439406,-0.034525104
51.502216272914424,0.033325708
51.507588044837625,-0.017275493
51.57210324779927,-0.294972007
51.50943460724026,0.033488574
51.534327836050565,-0.012768512
51.48117339669361,0.23677483909718777
51.337363370371314,-0.113613517
51.34698918049688,-0.098815333
51.46095217815324,-0.216603371
51.46786499705636,-0.209365414
51.53431231776354,-0.204798147
51.47428461792391,-0.057354979
51.59388250931327,-0.286331593
51.47495888831451,-0.147355311
51.51044892854765,-0.187419901
51.517340830335705,0.1906919776381577
51.41387036990734,-0.006937816
51.4940676,-0.23596923
51.409374971183624,-0.229912936
51.458784566812625,-0.971877621
51.55876336735922,-0.068385664
51.576366994360605,0.045394044087077395
51.33144151324279,-0.123402624
51.375277028630975,-0.106379778
51.523810437772845,-0.14534441
51.46323239395917,-0.301739129
51.640322241933696,-0.473684571
51.332674670332864,-0.099493667
51.61695652081232,0.044026207
51.57464189428389,0.18305527427580953
51.501594420702716,-0.052966296
51.50849394631005,0.045177145189641374
51.51829405,-0.188823672
51.50905526715448,0.017965412588985888
51.572161233876166,-0.421234916
51.55995951052218,-0.409294101
51.573450901149116,-0.412849344
51.523012836646224,-0.124590197
51.34824610257355,-0.0937085
51.37502214682385,-0.078026589
51.392185625136364,-0.089899037
51.56399351215581,0.096319575
51.58336204399537,-0.072466823
51.511300064669385,-0.056919207
51.630873639892386,0.32995227076530625
51.504531795613886,-0.218519157
51.50588033819017,-0.22740049
51.523466695343075,-0.077087424
51.40560237398424,0.002767544
51.43439862959479,0.10331535971945431
51.61524236180803,-0.072589741
51.46774797004993,0.19051838969715912
51.492359510480554,-0.156488856
51.51187888370566,-0.591524825
51.58089131157066,0.021463927810755047
51.49968538827372,-0.270215203
51.48767652828431,-0.054754821
51.36275004887511,-0.092517363
51.50164352033085,-0.307040239
51.53402700823884,-0.336737475
51.54147655809487,-0.178371198
51.56467959482167,-0.351893964
51.494071083255236,-0.173923021
51.571043947551274,-0.308142972
51.403240220781235,-0.205550299
51.50086357890648,-0.018460693
51.55688965147795,-0.399115901
51.580402471228126,-0.071855956
51.41536039779992,-0.191974544
51.59155266475493,0.027943078
51.50595629378949,-0.378711181
51.648433641300066,-0.05298331
51.44488297741004,-0.206609383
51.63237564173069,-0.127770046
51.50385344972166,-0.105794939
51.38991183992137,-0.19901459
51.580608613025774,-0.032804562
51.46897525930413,-0.023240662
51.45520547,-0.321324242
51.39475958639216,0.10721790023828982
51.5305542,-0.125505781
51.49960957772611,-0.133878754
51.53485412839329,-0.174064839
51.514835138739876,-0.097571
51.49444956856966,-0.245246306
51.57444748083396,-0.076668342
51.619672950483576,-0.303099288
51.52060426064486,0.004191003
51.521995758615454,-0.047382523
51.47215905711563,-0.122846303
51.56463749414495,-0.072335394
51.54398610565641,-0.275400437
51.363363646997875,-0.248709653
51.54169257587399,-0.003751641
51.53814895,-0.001080356
51.54480852,-0.008778434
51.425845648377425,-0.132325496
51.41898445090681,-0.135726164
51.43846015875234,-0.127681481
51.55449327,-0.315926236
51.55733901102981,-0.336392109
51.55834172569072,-0.335446687
51.55139692710825,-0.31634348
51.413393835270476,0.020365109
51.39259904,-0.304384554
51.49326678162275,-0.047529988
51.35951385042913,-0.19131036951756245
51.375554374568246,-0.19691991
51.393385108465736,0.16922535038176267
51.54303456,-0.175626603
51.42734116410619,-0.055088671
51.432575758635586,-0.080230208
51.481474155405564,-0.326495028
51.29162747942275,-0.236008013
51.52356084157688,-0.681384851
51.30918092,-0.242566269
51.424496954268065,-0.332705331
51.51104042360467,-0.11372575
51.388615519946164,-0.338292831
51.69237253480553,-0.034748134
51.385685581839276,-0.129017106
51.67255225,0.10289073688168189
51.398480916027154,-0.100433165
51.37684286,-0.27962011
51.41989637122428,-0.161002471
51.435837804955476,-0.159700491
51.42704887092591,-0.168684526
51.516210657936185,-0.131110438
51.58799768229062,-0.060187822
51.63024642876388,-0.179354261
51.51039252305748,-0.074409877
51.51039415022928,-0.076701198
51.55644057500823,-0.137742174
51.43979726,-0.105122508
51.67265358634988,-0.047229931
51.49518152685563,-0.254524564
51.59035796825513,-0.102805041
51.450250410920496,-0.32886022
51.47553252815794,-0.863306993
51.558763771001516,0.2514008048009922
51.55771918780094,0.23454189192904223
51.53840581666546,0.10153174466413689
51.56362309586845,-0.129109363
51.308772130153464,-0.077481662
51.536628259878114,0.03454184
51.54645372786724,-0.477101546
51.48573560145266,-0.123829952
51.49642371956767,-0.143920705
51.36737906715266,-0.117394076
51.37708276115934,-0.117987464
51.36033129956505,-0.150863834
51.68525721552798,-0.026564257
51.58301808337606,-0.019940545
51.58154615511213,-0.023843943
51.373400532627585,-0.11325332
51.44636533894144,-0.163536979
51.47022297701061,-0.139037675
51.46103377041173,-0.187910036
51.574902199570865,0.028760472
51.55177812,0.026389943051784676
51.50434022750495,-0.055860814
51.524579764761874,-0.138278331
51.52310413807906,-0.182953291
51.50314645678346,-0.113259251
51.50416843357953,-0.109153637
51.65760442,-0.417269997
51.65265306624417,-0.39169672
51.66388236768592,-0.396171948
51.375367381230255,-0.097524908
51.464777257657985,0.10177503908920635
51.55186429753856,-0.296392322
51.563322003491564,-0.279242548
51.554654104754995,-0.286046442
51.51776969314101,-0.280657171
51.48732859696135,-0.19553881
51.378552009432326,-0.102034292
51.510070447632664,-0.472176084
51.440911675311916,-0.090672676
51.513624683972374,-0.319782949
51.60926242118551,-0.188917107
51.54747402267271,-0.191126583
51.548628809928914,-0.192537518
51.578923661261655,-0.35384669
51.50676262660098,-0.020582447
51.490109027210565,-0.206203692
51.43124094913318,-0.103189134
51.56958715703546,-0.437860134
51.50288447390751,0.022246046681022418
51.36614980218212,-0.204644546
51.38128418000954,-0.01457633
51.520988514909256,-0.200882513
51.48450892773305,0.0177457
51.50963810743974,-0.026323137
51.501401389193255,-0.125002078
51.51223207227981,-0.224631929
51.60503465751185,-0.070870327
51.51958769,-0.059420485
51.44958760708497,-0.357682053
51.309929187849875,-0.081135165
51.30348968019657,-0.076712514
51.54937292482699,-0.222407601
51.53223356661704,-0.24390914
51.42110751,-0.206662833
51.40953058388224,-0.214089767
51.43458063,-0.199186273
51.63388669665079,-0.100916933
51.59745355165763,-0.109526589
51.50965783,-0.224472606
51.586669943466376,-0.001953898
51.607201902790344,0.034056202416625964
51.54905261091028,0.044572496
51.31871979773723,-0.15441413654875896
51.38709757861517,-0.065347178
51.61786809900362,-0.185425503
51.4915785,0.071819379
51.48990723258589,0.069193907
51.49110788693792,0.054612348
51.381104087182855,-0.245575288
55.0360061156622,-1.7108165507995294
55.01381482750542,-1.678082283925161
54.974402702977315,-1.465597747189889
55.013678912757534,-1.5676006707820156
54.95933388987435,-1.4609138652531461
54.97618116226043,-1.5796603890590708
55.0280019820583,-1.703368222046371
54.96905979621718,-1.6165609577629634
55.014362217853034,-1.6653806354053302
55.01362719400538,-1.6448267036756739
55.01427660983606,-1.635261195846975
55.01158382893036,-1.6214044596204478
55.00632360672206,-1.6081856758836535
55.008833961539224,-1.5913119096074237
55.000187341780816,-1.6110166281656655
54.9937562709645,-1.6096351539123044
54.982705291197085,-1.6058727495363292
55.01010893281145,-1.5785478002960465
55.023779331819014,-1.5406474370981371
55.033092108409086,-1.519566703619597
55.03679212905239,-1.5047106216673078
55.040216648857694,-1.4769322198292987
55.042419113199905,-1.457755824759723
55.040148067625,-1.4424523584573785
55.03498111117331,-1.4358337833274843
55.01734936407321,-1.4282569406395762
55.00841496582923,-1.4481594668707893
55.00167270765801,-1.4657451136235555
54.99954776738288,-1.4746055088407932
54.99580742804508,-1.4941611375660453
54.99248962931604,-1.515452429891649
54.98938051279867,-1.5323337584426584
54.98556857606032,-1.5590661837638295
54.98274915548721,-1.571574063845363
54.974069060560254,-1.6049697589848924
54.977368537367944,-1.6138805200345412
54.973847448989396,-1.6129500837556583
54.97450608420833,-1.6210270629222665
54.961914917123515,-1.6042026822652227
54.95790866732212,-1.5886528254111723
54.952856489720794,-1.571910221623328
54.952644083934615,-1.5414319394969278
54.975470430195294,-1.5210708890216724
54.97941090659587,-1.49374739718676
54.97182807491643,-1.4554821234897226
54.97611366975546,-1.4419644679019963
54.98655644791062,-1.431735196637994
54.99783363539478,-1.4325996855279286
54.95701061050159,-1.4857656431606427
54.91805660002289,-1.383282062234887
54.90256611820779,-1.3841264474937927
54.902732672521765,-1.392368602478789
54.90660422785302,-1.4008956447801388
54.91289287236056,-1.417817810094753
54.9042029627316,-1.4480513409586275
55.85723923263317,-4.255277046465659
55.852185181308805,-4.25901334164591
55.8494333503539,-4.266153514217446
55.85047119788741,-4.287408266214871
55.85230452841362,-4.2941103890163435
55.854779926954265,-4.3045073011152235
55.86222876720339,-4.310887725580812
55.87099454375109,-4.299764407654747
55.87543381967313,-4.293532406733023
55.87425387347732,-4.27945843830411
55.871320413903966,-4.269140526477146
55.86247270856759,-4.253390562984073
55.867980567728196,-4.260049948932863
55.8570828835886,-4.250476557913954
55.85970525806142,-4.240603917489683
51.40931501380654,-3.481901959273046
51.11265159501187,0.1884034652975163
51.12351332033296,0.25349099754956433
50.992858597979634,0.0004421338042780241
50.99508391937646,-0.0008727901693390399
50.995834725224995,-0.0012843869202380732
50.99580623773238,-0.0014360140348973936
51.04599879474017,-0.04517378635264484
51.04654313916138,-0.04480679998713598
51.045942081656825,-0.044590552348912536
51.04577089216092,-0.04537425990081171
51.103053561796145,-0.0484737777747046
51.103917883777996,-0.0486030111810211
51.124770785152926,-0.020174972931646322
51.12542311133343,-0.018855935692898385
51.07014798053036,0.6845916846915487
51.07042996955337,0.6850733169024174
51.07070503895552,0.6862199679546505
51.06413866597547,0.6598961742656937
51.06433839188172,0.6595946204632955
51.02734428056184,0.6598216820847619
51.00964681490751,0.6155923582992341
50.99686807310719,0.5402289428765715
50.98539567636687,0.4692770377559881
51.088552358606414,-1.1609772954174253
51.087301883047225,-1.102533637947212
51.11340232282931,-1.046637277348857
51.151613924460385,-0.9672555152839267
49.72172842210248,-2.2005851823256557
50.6966089506922,-1.1842425739185598
50.70495530263304,-1.2142745956698635
50.71924289089947,-1.2421984483449122
51.69783029029946,-0.9056797649270978
52.37551928034299,-2.3069246039053595
52.41722282376091,-2.349026032079078
52.444396545595055,-2.370809789106264
52.474633248867924,-2.3770947303332006
52.52972880465363,-2.4195053795292063
53.593586120915546,-2.299775789577737
53.589565883724596,-2.2096799521364647
53.6478264133028,-2.314549896997622
53.67744885963473,-2.3153466568216006
53.698747426706625,-2.290056456343014
57.24819508306129,-3.7527879148783727
57.282302432736486,-3.668170753567353
54.247084442428836,-0.7782854201829651
54.30852880890528,-0.7445799533792009
54.4007588386154,-0.7124307425887654
54.43588789342458,-0.7247513853107754
50.64580569012854,-2.064109115551058
50.63835596794531,-2.0551286665490207
50.63831583909343,-2.0548856198984495
50.63819419287653,-2.0549478821572884
50.6198109355247,-2.026553794272234
50.609841313585946,-1.9607565423685391
55.87019619618359,-4.309412506545015
51.525590153005545,-3.6971615296295153
51.61497425123141,-3.80941853942784
53.5257027021526,-1.622780364865764
50.730966145975486,-1.8249018616762676
51.52800694558736,0.004848422179069672
52.948645340945625,-1.0372831749990161
51.54816021759451,-0.07539380773631167
52.23825547572501,0.912787225705953
51.46328010566476,-0.3022211240133892
53.37344290209762,-3.1840158955878097
51.321833910392556,-0.1345119031351303
51.61375149157585,-0.2495639233620449
56.96651172310774,-2.2251430162107915
51.46283333834079,-0.11355769913380899
51.38938293076353,0.506090894102318
51.43875226176381,-0.3392724541042874
53.462832560367055,-2.2893262239635837
50.71388956537562,-3.4739580886580788
55.692335667427024,-2.866913096646823
55.692335667427024,-2.866913096646823
55.692335667427024,-2.866913096646823
55.69246304638324,-2.8666550647619147
53.533473462443524,-1.3132719421051047
53.63256624528248,-1.3736062291201245
51.57505197897561,-0.37068195510004937
51.51579737434442,-3.181755892148566
51.51579737434442,-3.181755892148566
55.696230061076356,-4.851910304223314
51.47794582657896,-0.013189498597355687
51.481782599179496,-0.010509852949147473
53.52169591196748,-1.1403194555571734
53.522121205264625,-1.1388432661774182
49.72172842210248,-2.2005851823256557
49.72172842210248,-2.2005851823256557
49.72765149162756,-2.167658712640537
51.53082277233565,-0.12310280401349141
51.53195480942857,-0.12329947152860272
51.532470138064646,-0.12304623879880448
51.532138268379164,-0.1240833294079819
51.5304227838212,-0.12400181830057855
51.530053782083044,-0.12389164409494031
50.12191108830488,-5.532782997705612
50.19692148854266,-5.463796215174641
50.20905310676776,-5.477776678250659
50.185384305222485,-5.419819212671617
51.63862747416586,-3.819921803132057
51.66184424729089,-3.8462256678059936
51.6615620700446,-3.885298585185639
51.62599951070884,-3.9402000719161827
51.62673628817143,-3.9393298622696857
51.50664278418695,-3.574956400062364
51.50713496957549,-3.5751477867425137
51.506763783285955,-3.575117667658255
50.7325758760718,-3.9966345448762213